市场,代码,名称
上海,300001,特锐德
上海,300002,神州泰岳
上海,300003,乐普医疗
上海,300004,南风股份
上海,300005,探路者
上海,300006,莱美药业
上海,300007,汉威科技
上海,300008,天海防务
上海,300009,安科生物
上海,300010,豆神教育
上海,300011,鼎汉技术
上海,300012,华测检测
上海,300014,亿纬锂能
上海,300015,爱尔眼科
上海,300016,北陆药业
上海,300017,网宿科技
上海,300018,中元股份
上海,300019,硅宝科技
上海,300021,大禹节水
上海,300022,吉峰科技
上海,300024,机器人
上海,300025,华星创业
上海,300026,红日药业
上海,300027,华谊兄弟
上海,300030,阳普医疗
上海,300031,宝通科技
上海,300032,金龙机电
上海,300033,同花顺
上海,300034,钢研高纳
上海,300035,中科电气
上海,300036,超图软件
上海,300037,新宙邦
上海,300039,上海凯宝
上海,300040,九洲集团
上海,300041,回天新材
上海,300042,朗科科技
上海,300043,星辉娱乐
上海,300044,赛为智能
上海,300045,华力创通
上海,300046,台基股份
上海,300047,天源迪科
上海,300048,合康新能
上海,300049,福瑞股份
上海,300050,世纪鼎利
上海,300051,琏升科技
上海,300053,航宇微
上海,300054,鼎龙股份
上海,300055,万邦达
上海,300056,中创环保
上海,300057,万顺新材
上海,300058,蓝色光标
上海,300059,东方财富
上海,300061,旗天科技
上海,300062,中能电气
上海,300063,天龙集团
上海,300065,海兰信
上海,300066,三川智慧
上海,300067,安诺其
上海,300068,南都电源
上海,300069,金利华电
上海,300070,碧水源
上海,300071,福石控股
上海,300072,海新能科
上海,300073,当升科技
上海,300074,华平股份
上海,300075,数字政通
上海,300076,GQY视讯
上海,300077,国民技术
上海,300078,思创医惠
上海,300079,数码视讯
上海,300080,易成新能
上海,300081,恒信东方
上海,300082,奥克股份
上海,300083,创世纪
上海,300084,海默科技
上海,300085,银之杰
上海,300086,康芝药业
上海,300087,荃银高科
上海,300088,长信科技
上海,300091,金通灵
上海,300092,科新机电
上海,300093,金刚光伏
上海,300094,国联水产
上海,300095,华伍股份
上海,300098,高新兴
上海,300099,尤洛卡
上海,300100,双林股份
上海,300101,振芯科技
上海,300102,乾照光电
上海,300103,达刚控股
上海,300105,龙源技术
上海,300106,西部牧业
上海,300107,建新股份
上海,300109,新开源
上海,300110,华仁药业
上海,300111,向日葵
上海,300112,万讯自控
上海,300113,顺网科技
上海,300115,长盈精密
上海,300118,东方日升
上海,300119,瑞普生物
上海,300120,经纬辉开
上海,300121,阳谷华泰
上海,300122,智飞生物
上海,300123,亚光科技
上海,300124,汇川技术
上海,300126,锐奇股份
上海,300127,银河磁体
上海,300128,锦富技术
上海,300129,泰胜风能
上海,300130,新国都
上海,300131,英唐智控
上海,300132,青松股份
上海,300133,华策影视
上海,300134,大富科技
上海,300135,宝利国际
上海,300136,信维通信
上海,300138,晨光生物
上海,300139,晓程科技
上海,300140,节能环境
上海,300141,和顺电气
上海,300142,沃森生物
上海,300143,盈康生命
上海,300144,宋城演艺
上海,300145,中金环境
上海,300146,汤臣倍健
上海,300148,天舟文化
上海,300149,睿智医药
上海,300150,世纪瑞尔
上海,300151,昌红科技
上海,300152,新动力
上海,300153,科泰电源
上海,300154,瑞凌股份
上海,300155,安居宝
上海,300157,新锦动力
上海,300158,振东制药
上海,300160,秀强股份
上海,300161,华中数控
上海,300162,雷曼光电
上海,300164,通源石油
上海,300166,东方国信
上海,300168,万达信息
上海,300169,天晟新材
上海,300170,汉得信息
上海,300171,东富龙
上海,300172,中电环保
上海,300173,福能东方
上海,300174,元力股份
上海,300176,鸿特科技
上海,300177,中海达
上海,300179,四方达
上海,300180,华峰超纤
上海,300181,佐力药业
上海,300182,捷成股份
上海,300183,东软载波
上海,300184,力源信息
上海,300185,通裕重工
上海,300187,永清环保
上海,300188,国投智能
上海,300189,神农种业
上海,300190,维尔利
上海,300191,潜能恒信
上海,300192,科德教育
上海,300193,佳士科技
上海,300194,福安药业
上海,300195,长荣股份
上海,300196,长海股份
上海,300197,节能铁汉
上海,300198,纳川股份
上海,300199,翰宇药业
上海,300200,高盟新材
上海,300201,海伦哲
上海,300203,聚光科技
上海,300204,舒泰神
上海,300206,理邦仪器
上海,300207,欣旺达
上海,300210,森远股份
上海,300211,亿通科技
上海,300212,易华录
上海,300213,佳讯飞鸿
上海,300214,日科化学
上海,300215,电科院
上海,300217,东方电热
上海,300218,安利股份
上海,300219,鸿利智汇
上海,300220,金运激光
上海,300221,银禧科技
上海,300222,科大智能
上海,300223,北京君正
上海,300224,正海磁材
上海,300225,金力泰
上海,300226,上海钢联
上海,300227,光韵达
上海,300228,富瑞特装
上海,300229,拓尔思
上海,300230,永利股份
上海,300231,银信科技
上海,300232,洲明科技
上海,300233,金城医药
上海,300234,开尔新材
上海,300235,方直科技
上海,300236,上海新阳
上海,300237,美晨科技
上海,300238,冠昊生物
上海,300239,东宝生物
上海,300240,飞力达
上海,300241,瑞丰光电
上海,300242,佳云科技
上海,300243,瑞丰高材
上海,300244,迪安诊断
上海,300245,天玑科技
上海,300246,宝莱特
上海,300247,融捷健康
上海,300248,新开普
上海,300249,依米康
上海,300250,初灵信息
上海,300251,光线传媒
上海,300252,金信诺
上海,300253,卫宁健康
上海,300254,仟源医药
上海,300255,常山药业
上海,300256,星星科技
上海,300257,开山股份
上海,300258,精锻科技
上海,300259,新天科技
上海,300260,新莱应材
上海,300261,雅本化学
上海,300263,隆华科技
上海,300264,佳创视讯
上海,300265,通光线缆
上海,300266,兴源环境
上海,300267,尔康制药
上海,300269,联建光电
上海,300270,中威电子
上海,300271,华宇软件
上海,300272,开能健康
上海,300274,阳光电源
上海,300275,梅安森
上海,300276,三丰智能
上海,300277,海联讯
上海,300278,华昌达
上海,300279,和晶科技
上海,300280,紫天科技
上海,300281,金明精机
上海,300283,温州宏丰
上海,300284,苏交科
上海,300285,国瓷材料
上海,300286,安科瑞
上海,300287,飞利信
上海,300288,朗玛信息
上海,300289,利德曼
上海,300290,荣科科技
上海,300291,百纳千成
上海,300292,吴通控股
上海,300293,蓝英装备
上海,300294,博雅生物
上海,300295,三六五网
上海,300296,利亚德
上海,300298,三诺生物
上海,300299,富春股份
上海,300302,同有科技
上海,300303,聚飞光电
上海,300304,云意电气
上海,300305,裕兴股份
上海,300306,远方信息
上海,300307,慈星股份
上海,300308,中际旭创
上海,300310,宜通世纪
上海,300311,任子行
上海,300314,戴维医疗
上海,300315,掌趣科技
上海,300316,晶盛机电
上海,300317,珈伟新能
上海,300318,博晖创新
上海,300319,麦捷科技
上海,300320,海达股份
上海,300321,同大股份
上海,300322,硕贝德
上海,300323,华灿光电
上海,300324,旋极信息
上海,300326,凯利泰
上海,300327,中颖电子
上海,300328,宜安科技
上海,300329,海伦钢琴
上海,300331,苏大维格
上海,300332,天壕能源
上海,300333,兆日科技
上海,300334,津膜科技
上海,300335,迪森股份
上海,300337,银邦股份
上海,300339,润和软件
上海,300340,科恒股份
上海,300341,麦克奥迪
上海,300342,天银机电
上海,300344,立方数科
上海,300345,华民股份
上海,300346,南大光电
上海,300347,泰格医药
上海,300348,长亮科技
上海,300349,金卡智能
上海,300350,华鹏飞
上海,300351,永贵电器
上海,300352,北信源
上海,300353,东土科技
上海,300354,东华测试
上海,300355,蒙草生态
上海,300357,我武生物
上海,300358,楚天科技
上海,300359,全通教育
上海,300360,炬华科技
上海,300363,博腾股份
上海,300364,中文在线
上海,300365,恒华科技
上海,300366,创意信息
上海,300369,绿盟科技
上海,300370,安控科技
上海,300371,汇中股份
上海,300373,扬杰科技
上海,300374,中铁装配
上海,300375,鹏翎股份
上海,300377,赢时胜
上海,300378,鼎捷数智
上海,300379,东方通
上海,300380,安硕信息
上海,300381,溢多利
上海,300382,斯莱克
上海,300383,光环新网
上海,300384,三联虹普
上海,300385,雪浪环境
上海,300386,飞天诚信
上海,300387,富邦科技
上海,300388,节能国祯
上海,300389,艾比森
上海,300390,天华新能
上海,300391,长药控股
上海,300393,中来股份
上海,300394,天孚通信
上海,300395,菲利华
上海,300396,迪瑞医疗
上海,300397,天和防务
上海,300398,飞凯材料
上海,300399,天利科技
上海,300400,劲拓股份
上海,300401,花园生物
上海,300402,宝色股份
上海,300403,汉宇集团
上海,300404,博济医药
上海,300405,科隆股份
上海,300406,九强生物
上海,300407,凯发电气
上海,300408,三环集团
上海,300409,道氏技术
上海,300410,正业科技
上海,300411,金盾股份
上海,300412,迦南科技
上海,300413,芒果超媒
上海,300414,中光防雷
上海,300415,伊之密
上海,300416,苏试试验
上海,300417,南华仪器
上海,300418,昆仑万维
上海,300420,五洋自控
上海,300421,力星股份
上海,300422,博世科
上海,300423,昇辉科技
上海,300424,航新科技
上海,300425,中建环能
上海,300426,唐德影视
上海,300427,红相股份
上海,300428,立中集团
上海,300429,强力新材
上海,300430,诚益通
上海,300432,富临精工
上海,300433,蓝思科技
上海,300434,金石亚药
上海,300435,中泰股份
上海,300436,广生堂
上海,300437,清水源
上海,300438,鹏辉能源
上海,300439,美康生物
上海,300440,运达科技
上海,300441,鲍斯股份
上海,300442,润泽科技
上海,300443,金雷股份
上海,300444,双杰电气
上海,300445,康斯特
上海,300446,航天智造
上海,300447,全信股份
上海,300448,浩云科技
上海,300449,汉邦高科
上海,300450,先导智能
上海,300451,创业慧康
上海,300452,山河药辅
上海,300453,三鑫医疗
上海,300454,深信服
上海,300455,航天智装
上海,300456,赛微电子
上海,300457,赢合科技
上海,300458,全志科技
上海,300459,汤姆猫
上海,300460,惠伦晶体
上海,300461,田中精机
上海,300462,华铭智能
上海,300463,迈克生物
上海,300464,星徽股份
上海,300465,高伟达
上海,300466,赛摩智能
上海,300467,迅游科技
上海,300468,四方精创
上海,300469,信息发展
上海,300470,中密控股
上海,300471,厚普股份
上海,300472,新元科技
上海,300473,德尔股份
上海,300474,景嘉微
上海,300475,香农芯创
上海,300476,胜宏科技
上海,300477,合纵科技
上海,300478,杭州高新
上海,300479,神思电子
上海,300480,光力科技
上海,300481,濮阳惠成
上海,300482,万孚生物
上海,300483,首华燃气
上海,300484,蓝海华腾
上海,300485,赛升药业
上海,300486,东杰智能
上海,300487,蓝晓科技
上海,300488,恒锋工具
上海,300489,光智科技
上海,300490,华自科技
上海,300491,通合科技
上海,300492,华图山鼎
上海,300493,润欣科技
上海,300494,盛天网络
上海,300496,中科创达
上海,300497,富祥药业
上海,300498,温氏股份
上海,300499,高澜股份
上海,300500,启迪设计
上海,300501,海顺新材
上海,300502,新易盛
上海,300503,昊志机电
上海,300504,天邑股份
上海,300505,川金诺
上海,300507,苏奥传感
上海,300508,维宏股份
上海,300509,新美星
上海,300510,金冠股份
上海,300511,雪榕生物
上海,300512,中亚股份
上海,300513,恒实科技
上海,300514,友讯达
上海,300515,三德科技
上海,300516,久之洋
上海,300517,海波重科
上海,300518,新迅达
上海,300519,新光药业
上海,300520,科大国创
上海,300521,爱司凯
上海,300522,世名科技
上海,300523,辰安科技
上海,300525,博思软件
上海,300527,中船应急
上海,300528,幸福蓝海
上海,300529,健帆生物
上海,300530,领湃科技
上海,300531,优博讯
上海,300532,今天国际
上海,300533,冰川网络
上海,300534,陇神戎发
上海,300535,达威股份
上海,300537,广信材料
上海,300538,同益股份
上海,300539,横河精密
上海,300540,蜀道装备
上海,300541,先进数通
上海,000001,平安银行
上海,000002,万 科Ａ
上海,000004,国华网安
上海,000006,深振业Ａ
上海,000007,全新好
上海,000008,神州高铁
上海,000009,中国宝安
上海,000010,美丽生态
上海,000011,深物业A
上海,000012,南 玻Ａ
上海,000014,沙河股份
上海,000016,深康佳Ａ
上海,000017,深中华A
上海,000019,深粮控股
上海,000020,深华发Ａ
上海,000021,深科技
上海,000025,特 力Ａ
上海,000026,飞亚达
上海,000027,深圳能源
上海,000028,国药一致
上海,000029,深深房Ａ
上海,000030,富奥股份
上海,000031,大悦城
上海,000032,深桑达Ａ
上海,000034,神州数码
上海,000035,中国天楹
上海,000036,华联控股
上海,000037,深南电A
上海,000039,中集集团
上海,000042,中洲控股
上海,000045,深纺织Ａ
上海,000048,京基智农
上海,000049,德赛电池
上海,000050,深天马Ａ
上海,000055,方大集团
上海,000056,皇庭国际
上海,000058,深 赛 格
上海,000059,华锦股份
上海,000060,中金岭南
上海,000061,农 产 品
上海,000062,深圳华强
上海,000063,中兴通讯
上海,000065,北方国际
上海,000066,中国长城
上海,000068,华控赛格
上海,000069,华侨城Ａ
上海,000078,海王生物
上海,000088,盐 田 港
上海,000089,深圳机场
上海,000090,天健集团
上海,000096,广聚能源
上海,000099,中信海直
上海,000100,TCL科技
上海,000151,中成股份
上海,000153,丰原药业
上海,000155,川能动力
上海,000156,华数传媒
上海,000157,中联重科
上海,000158,常山北明
上海,000159,国际实业
上海,000166,申万宏源
上海,000301,东方盛虹
上海,000333,美的集团
上海,000338,潍柴动力
上海,000400,许继电气
上海,000401,冀东水泥
上海,000402,金 融 街
上海,000403,派林生物
上海,000404,长虹华意
上海,000407,胜利股份
上海,000408,藏格矿业
上海,000409,云鼎科技
上海,000410,沈阳机床
上海,000411,英特集团
上海,000415,渤海租赁
上海,000417,合百集团
上海,000419,通程控股
上海,000420,吉林化纤
上海,000421,南京公用
上海,000422,湖北宜化
上海,000423,东阿阿胶
上海,000425,徐工机械
上海,000426,兴业银锡
上海,000428,华天酒店
上海,000429,粤高速Ａ
上海,000498,山东路桥
上海,000501,武商集团
上海,000503,国新健康
上海,000504,南华生物
上海,000505,京粮控股
上海,000507,珠海港
上海,000509,华塑控股
上海,000510,新金路
上海,000513,丽珠集团
上海,000514,渝 开 发
上海,000516,国际医学
上海,000517,荣安地产
上海,000518,四环生物
上海,000519,中兵红箭
上海,000520,凤凰航运
上海,000521,长虹美菱
上海,000523,红棉股份
上海,000524,岭南控股
上海,000526,学大教育
上海,000528,柳 工
上海,000529,广弘控股
上海,000530,冰山冷热
上海,000531,穗恒运Ａ
上海,000532,华金资本
上海,000533,顺钠股份
上海,000534,万泽股份
上海,000536,华映科技
上海,000537,中绿电
上海,000538,云南白药
上海,000539,粤电力Ａ
上海,000541,佛山照明
上海,000543,皖能电力
上海,000544,中原环保
上海,000545,金浦钛业
上海,000546,金圆股份
上海,000547,航天发展
上海,000548,湖南投资
上海,000550,江铃汽车
上海,000551,创元科技
上海,000552,甘肃能化
上海,000553,安道麦A
上海,000554,泰山石油
上海,000555,神州信息
上海,000557,西部创业
上海,000558,天府文旅
上海,000559,万向钱潮
上海,000560,我爱我家
上海,000561,烽火电子
上海,000563,陕国投Ａ
上海,000564,供销大集
上海,000565,渝三峡Ａ
上海,000566,海南海药
上海,000567,海德股份
上海,000568,泸州老窖
上海,000570,苏常柴Ａ
上海,000571,新大洲A
上海,000572,海马汽车
上海,000573,粤宏远Ａ
上海,000576,甘化科工
上海,000581,威孚高科
上海,000582,北部湾港
上海,000586,汇源通信
上海,000589,贵州轮胎
上海,000590,启迪药业
上海,000591,太阳能
上海,000592,平潭发展
上海,000593,德龙汇能
上海,000595,宝塔实业
上海,000596,古井贡酒
上海,000597,东北制药
上海,000598,兴蓉环境
上海,000599,青岛双星
上海,000600,建投能源
上海,000601,韶能股份
上海,000603,盛达资源
上海,000605,渤海股份
上海,000607,华媒控股
上海,000608,阳光股份
上海,000610,西安旅游
上海,000612,焦作万方
上海,000617,中油资本
上海,000619,海螺新材
上海,000620,新华联
上海,000623,吉林敖东
上海,000625,长安汽车
上海,000626,远大控股
上海,000627,天茂集团
上海,000628,高新发展
上海,000629,钒钛股份
上海,000630,铜陵有色
上海,000631,顺发恒业
上海,000632,三木集团
上海,000633,合金投资
上海,000635,英 力 特
上海,000636,风华高科
上海,000637,茂化实华
上海,000638,万方发展
上海,000639,西王食品
上海,000650,仁和药业
上海,000651,格力电器
上海,000652,泰达股份
上海,000655,金岭矿业
上海,000657,中钨高新
上海,000659,珠海中富
上海,000661,长春高新
上海,000663,永安林业
上海,000665,湖北广电
上海,000668,荣丰控股
上海,000670,盈方微
上海,000672,上峰水泥
上海,000676,智度股份
上海,000677,恒天海龙
上海,000678,襄阳轴承
上海,000679,大连友谊
上海,000680,山推股份
上海,000681,视觉中国
上海,000682,东方电子
上海,000683,远兴能源
上海,000685,中山公用
上海,000686,东北证券
上海,000688,国城矿业
上海,000690,宝新能源
上海,000691,亚太实业
上海,000692,惠天热电
上海,000695,滨海能源
上海,000697,炼石航空
上海,000698,沈阳化工
上海,000700,模塑科技
上海,000701,厦门信达
上海,000702,正虹科技
上海,000703,恒逸石化
上海,000705,浙江震元
上海,000707,双环科技
上海,000708,中信特钢
上海,000709,河钢股份
上海,000710,贝瑞基因
上海,000712,锦龙股份
上海,000713,丰乐种业
上海,000715,中兴商业
上海,000716,黑芝麻
上海,000717,中南股份
上海,000718,苏宁环球
上海,000719,中原传媒
上海,000720,新能泰山
上海,000721,西安饮食
上海,000722,湖南发展
上海,000723,美锦能源
上海,000725,京东方Ａ
上海,000726,鲁 泰Ａ
上海,000727,冠捷科技
上海,000728,国元证券
上海,000729,燕京啤酒
上海,000731,四川美丰
上海,000733,振华科技
上海,000735,罗 牛 山
上海,000737,北方铜业
上海,000738,航发控制
上海,000739,普洛药业
上海,000750,国海证券
上海,000751,锌业股份
上海,000753,漳州发展
上海,000755,山西高速
上海,000756,新华制药
上海,000757,浩物股份
上海,000758,中色股份
上海,000759,中百集团
上海,000761,本钢板材
上海,000762,西藏矿业
上海,000766,通化金马
上海,000767,晋控电力
上海,000768,中航西飞
上海,000776,广发证券
上海,000777,中核科技
上海,000778,新兴铸管
上海,000779,甘咨询
上海,000782,恒申新材
上海,000783,长江证券
上海,000785,居然智家
上海,000786,北新建材
上海,000788,北大医药
上海,000789,万年青
上海,000790,华神科技
上海,000791,甘肃能源
上海,000792,盐湖股份
上海,000795,英洛华
上海,000796,凯撒旅业
上海,000797,中国武夷
上海,000798,中水渔业
上海,000799,酒鬼酒
上海,000800,一汽解放
上海,000801,四川九洲
上海,000802,北京文化
上海,000803,山高环能
上海,000807,云铝股份
上海,000810,创维数字
上海,000811,冰轮环境
上海,000812,陕西金叶
上海,000813,德展健康
上海,000815,美利云
上海,000816,智慧农业
上海,000818,航锦科技
上海,000819,岳阳兴长
上海,000820,神雾节能
上海,000821,京山轻机
上海,000822,山东海化
上海,000823,超声电子
上海,000825,太钢不锈
上海,000826,启迪环境
上海,000828,东莞控股
上海,000829,天音控股
上海,000830,鲁西化工
上海,000831,中国稀土
上海,000833,粤桂股份
上海,000837,秦川机床
上海,000838,财信发展
上海,000839,中信国安
上海,000848,承德露露
上海,000850,华茂股份
上海,000852,石化机械
上海,000856,冀东装备
上海,000858,五 粮 液
上海,000859,国风新材
上海,000860,顺鑫农业
上海,000862,银星能源
上海,000863,三湘印象
上海,000868,安凯客车
上海,000869,张 裕Ａ
上海,000875,吉电股份
上海,000876,新 希 望
上海,000877,天山股份
上海,000878,云南铜业
上海,000880,潍柴重机
上海,000881,中广核技
上海,000882,华联股份
上海,000883,湖北能源
上海,000885,城发环境
上海,000886,海南高速
上海,000887,中鼎股份
上海,000888,峨眉山Ａ
上海,000890,法尔胜
上海,000892,欢瑞世纪
上海,000893,亚钾国际
上海,000895,双汇发展
上海,000897,津滨发展
上海,000898,鞍钢股份
上海,000899,赣能股份
上海,000900,现代投资
上海,000901,航天科技
上海,000902,新洋丰
上海,000903,云内动力
上海,000905,厦门港务
上海,000906,浙商中拓
上海,000910,大亚圣象
上海,000911,广农糖业
上海,000912,泸天化
上海,000913,钱江摩托
上海,000915,华特达因
上海,000917,电广传媒
上海,000919,金陵药业
上海,000920,沃顿科技
上海,000921,海信家电
上海,000922,佳电股份
上海,000923,河钢资源
上海,000925,众合科技
上海,000926,福星股份
上海,000927,中国铁物
上海,000928,中钢国际
上海,000929,兰州黄河
上海,000930,中粮科技
上海,000931,中 关 村
上海,000932,华菱钢铁
上海,000933,神火股份
上海,000935,四川双马
上海,000936,华西股份
上海,000937,冀中能源
上海,000938,紫光股份
上海,000948,南天信息
上海,000949,新乡化纤
上海,000950,重药控股
上海,000951,中国重汽
上海,000952,广济药业
上海,000953,河化股份
上海,000955,欣龙控股
上海,000957,中通客车
上海,000958,电投产融
上海,000959,首钢股份
上海,000960,锡业股份
上海,000962,东方钽业
上海,000963,华东医药
上海,000965,天保基建
上海,000966,长源电力
上海,000967,盈峰环境
上海,000968,蓝焰控股
上海,000969,安泰科技
上海,000970,中科三环
上海,000973,佛塑科技
上海,000975,山金国际
上海,000977,浪潮信息
上海,000978,桂林旅游
上海,000980,众泰汽车
上海,000981,山子高科
上海,000983,山西焦煤
上海,000985,大庆华科
上海,000987,越秀资本
上海,000988,华工科技
上海,000990,诚志股份
上海,000993,闽东电力
上海,000995,皇台酒业
上海,000997,新 大 陆
上海,000998,隆平高科
上海,000999,华润三九
上海,001201,东瑞股份
上海,001202,炬申股份
上海,001203,大中矿业
上海,001205,盛航股份
上海,001206,依依股份
上海,001207,联科科技
上海,001208,华菱线缆
上海,001209,洪兴股份
上海,001210,金房能源
上海,001211,双枪科技
上海,001212,中旗新材
上海,001213,中铁特货
上海,001215,千味央厨
上海,001216,华瓷股份
上海,001217,华尔泰
上海,001218,丽臣实业
上海,001219,青岛食品
上海,001222,源飞宠物
上海,001223,欧克科技
上海,001225,和泰机电
上海,001226,拓山重工
上海,001227,兰州银行
上海,001228,永泰运
上海,001229,魅视科技
上海,001230,劲旅环境
上海,001231,农心科技
上海,001234,泰慕士
上海,001236,弘业期货
上海,001238,浙江正特
上海,001239,永达股份
上海,001255,博菲电气
上海,001256,炜冈科技
上海,001258,立新能源
上海,001259,利仁科技
上海,001260,坤泰股份
上海,001266,宏英智能
上海,001267,汇绿生态
上海,001268,联合精密
上海,001269,欧晶科技
上海,001270,铖昌科技
上海,001277,速达股份
上海,001278,一彬科技
上海,001279,强邦新材
上海,001282,三联锻造
上海,001283,豪鹏科技
上海,001286,陕西能源
上海,001287,中电港
上海,001288,运机集团
上海,001289,龙源电力
上海,001296,长江材料
上海,001298,好上好
上海,001299,美能能源
上海,001300,三柏硕
上海,001301,尚太科技
上海,001306,夏厦精密
上海,001308,康冠科技
上海,001309,德明利
上海,001311,多利科技
上海,001313,粤海饲料
上海,001314,亿道信息
上海,001316,润贝航科
上海,001317,三羊马
上海,001318,阳光乳业
上海,001319,铭科精技
上海,001322,箭牌家居
上海,001323,慕思股份
上海,001324,长青科技
上海,001326,联域股份
上海,001328,登康口腔
上海,001330,博纳影业
上海,001331,胜通能源
上海,001332,锡装股份
上海,001333,光华股份
上海,001335,C信凯
上海,001336,楚环科技
上海,001337,四川黄金
上海,001338,永顺泰
上海,001339,智微智能
上海,001356,富岭股份
上海,001358,兴欣新材
上海,001359,平安电工
上海,001360,南矿集团
上海,001366,播恩集团
上海,001367,海森药业
上海,001368,通达创智
上海,001373,翔腾新材
上海,001376,百通能源
上海,001378,德冠新材
上海,001379,腾达科技
上海,001380,华纬科技
上海,001382,新亚电缆
上海,001387,雪祺电气
上海,001389,广合科技
上海,001391,国货航
上海,001395,亚联机械
上海,001696,宗申动力
上海,001872,招商港口
上海,001896,豫能控股
上海,001914,招商积余
上海,001965,招商公路
上海,001979,招商蛇口
上海,002001,新 和 成
上海,002003,伟星股份
上海,002004,华邦健康
上海,002006,精工科技
上海,002007,华兰生物
上海,002008,大族激光
上海,002009,天奇股份
上海,002010,传化智联
上海,002011,盾安环境
上海,002012,凯恩股份
上海,002014,永新股份
上海,002015,协鑫能科
上海,002016,世荣兆业
上海,002017,东信和平
上海,002019,亿帆医药
上海,002020,京新药业
上海,002021,中捷资源
上海,002022,科华生物
上海,002023,海特高新
上海,002025,航天电器
上海,002026,山东威达
上海,002027,分众传媒
上海,002028,思源电气
上海,002029,七 匹 狼
上海,002030,达安基因
上海,002031,巨轮智能
上海,002032,苏 泊 尔
上海,002033,丽江股份
上海,002034,旺能环境
上海,002035,华帝股份
上海,002036,联创电子
上海,002037,保利联合
上海,002038,双鹭药业
上海,002039,黔源电力
上海,002040,南 京 港
上海,002041,登海种业
上海,002042,华孚时尚
上海,002043,兔 宝 宝
上海,002044,美年健康
上海,002045,国光电器
上海,002046,国机精工
上海,002047,宝鹰股份
上海,002048,宁波华翔
上海,002049,紫光国微
上海,002050,三花智控
上海,002051,中工国际
上海,002053,云南能投
上海,002054,德美化工
上海,002055,得润电子
上海,002056,横店东磁
上海,002057,中钢天源
上海,002058,威尔泰
上海,002059,云南旅游
上海,002060,广东建工
上海,002061,浙江交科
上海,002062,宏润建设
上海,002063,远光软件
上海,002064,华峰化学
上海,002065,东华软件
上海,002066,瑞泰科技
上海,002067,景兴纸业
上海,002068,黑猫股份
上海,002069,獐子岛
上海,002072,凯瑞德
上海,002073,软控股份
上海,002074,国轩高科
上海,002075,沙钢股份
上海,002076,星光股份
上海,002077,大港股份
上海,002078,太阳纸业
上海,002079,苏州固锝
上海,002080,中材科技
上海,002081,金 螳 螂
上海,002082,万邦德
上海,002083,孚日股份
上海,002084,海鸥住工
上海,002085,万丰奥威
上海,002086,东方海洋
上海,002088,鲁阳节能
上海,002090,金智科技
上海,002091,江苏国泰
上海,002093,国脉科技
上海,002094,青岛金王
上海,002095,生 意 宝
上海,002096,易普力
上海,002097,山河智能
上海,002098,浔兴股份
上海,002099,海翔药业
上海,002100,天康生物
上海,002101,广东鸿图
上海,002102,能特科技
上海,002103,广博股份
上海,002104,恒宝股份
上海,002105,信隆健康
上海,002106,莱宝高科
上海,002107,沃华医药
上海,002108,沧州明珠
上海,002109,兴化股份
上海,002110,三钢闽光
上海,002111,威海广泰
上海,002112,三变科技
上海,002114,罗平锌电
上海,002115,三维通信
上海,002116,中国海诚
上海,002117,东港股份
上海,002119,康强电子
深圳,600000,浦发银行
深圳,600004,白云机场
深圳,600006,东风股份
深圳,600007,中国国贸
深圳,600008,首创环保
深圳,600009,上海机场
深圳,600010,包钢股份
深圳,600011,华能国际
深圳,600012,皖通高速
深圳,600015,华夏银行
深圳,600016,民生银行
深圳,600017,日照港
深圳,600018,上港集团
深圳,600019,宝钢股份
深圳,600020,中原高速
深圳,600021,上海电力
深圳,600022,山东钢铁
深圳,600023,浙能电力
深圳,600025,华能水电
深圳,600026,中远海能
深圳,600027,华电国际
深圳,600028,中国石化
深圳,600029,南方航空
深圳,600030,中信证券
深圳,600031,三一重工
深圳,600032,浙江新能
深圳,600033,福建高速
深圳,600035,楚天高速
深圳,600036,招商银行
深圳,600037,歌华有线
深圳,600038,中直股份
深圳,600039,四川路桥
深圳,600048,保利发展
深圳,600050,中国联通
深圳,600051,宁波联合
深圳,600052,东望时代
深圳,600053,九鼎投资
深圳,600054,黄山旅游
深圳,600055,万东医疗
深圳,600056,中国医药
深圳,600057,厦门象屿
深圳,600058,五矿发展
深圳,600059,古越龙山
深圳,600060,海信视像
深圳,600061,国投资本
深圳,600062,华润双鹤
深圳,600063,皖维高新
深圳,600064,南京高科
深圳,600066,宇通客车
深圳,600067,冠城新材
深圳,600071,凤凰光学
深圳,600072,中船科技
深圳,600073,光明肉业
深圳,600075,新疆天业
深圳,600076,康欣新材
深圳,600078,澄星股份
深圳,600079,人福医药
深圳,600080,金花股份
深圳,600081,东风科技
深圳,600082,海泰发展
深圳,600084,中信尼雅
深圳,600085,同仁堂
深圳,600088,中视传媒
深圳,600089,特变电工
深圳,600094,大名城
深圳,600095,湘财股份
深圳,600096,云天化
深圳,600097,开创国际
深圳,600098,广州发展
深圳,600099,林海股份
深圳,600100,同方股份
深圳,600101,明星电力
深圳,600103,青山纸业
深圳,600104,上汽集团
深圳,600105,永鼎股份
深圳,600106,重庆路桥
深圳,600107,美尔雅
深圳,600108,亚盛集团
深圳,600109,国金证券
深圳,600110,诺德股份
深圳,600111,北方稀土
深圳,600113,浙江东日
深圳,600114,东睦股份
深圳,600115,中国东航
深圳,600116,三峡水利
深圳,600117,西宁特钢
深圳,600118,中国卫星
深圳,600119,长江投资
深圳,600120,浙江东方
深圳,600121,郑州煤电
深圳,600123,兰花科创
深圳,600125,铁龙物流
深圳,600126,杭钢股份
深圳,600127,金健米业
深圳,600128,苏豪弘业
深圳,600129,太极集团
深圳,600130,波导股份
深圳,600131,国网信通
深圳,600132,重庆啤酒
深圳,600133,东湖高新
深圳,600135,乐凯胶片
深圳,600137,浪莎股份
深圳,600138,中青旅
深圳,600141,兴发集团
深圳,600143,金发科技
深圳,600148,长春一东
深圳,600149,廊坊发展
深圳,600150,中国船舶
深圳,600151,航天机电
深圳,600152,维科技术
深圳,600153,建发股份
深圳,600155,华创云信
深圳,600156,华升股份
深圳,600157,永泰能源
深圳,600158,中体产业
深圳,600159,大龙地产
深圳,600160,巨化股份
深圳,600161,天坛生物
深圳,600162,香江控股
深圳,600163,中闽能源
深圳,600166,福田汽车
深圳,600167,联美控股
深圳,600168,武汉控股
深圳,600169,太原重工
深圳,600170,上海建工
深圳,600171,上海贝岭
深圳,600172,黄河旋风
深圳,600173,卧龙地产
深圳,600176,中国巨石
深圳,600177,雅戈尔
深圳,600178,东安动力
深圳,600179,安通控股
深圳,600180,瑞茂通
深圳,600182,S佳通
深圳,600183,生益科技
深圳,600184,光电股份
深圳,600185,格力地产
深圳,600186,莲花控股
深圳,600187,国中水务
深圳,600188,兖矿能源
深圳,600189,泉阳泉
深圳,600191,华资实业
深圳,600192,长城电工
深圳,600193,创兴资源
深圳,600195,中牧股份
深圳,600196,复星医药
深圳,600197,伊力特
深圳,600198,大唐电信
深圳,600199,金种子酒
深圳,600200,江苏吴中
深圳,600201,生物股份
深圳,600202,哈空调
深圳,600203,福日电子
深圳,600206,有研新材
深圳,600207,安彩高科
深圳,600208,衢州发展
深圳,600210,紫江企业
深圳,600211,西藏药业
深圳,600212,绿能慧充
深圳,600215,派斯林
深圳,600216,浙江医药
深圳,600217,中再资环
深圳,600218,全柴动力
深圳,600219,南山铝业
深圳,600221,海航控股
深圳,600222,太龙药业
深圳,600223,福瑞达
深圳,600226,亨通股份
深圳,600227,赤天化
深圳,600228,返利科技
深圳,600229,城市传媒
深圳,600230,沧州大化
深圳,600231,凌钢股份
深圳,600232,金鹰股份
深圳,600233,圆通速递
深圳,600235,民丰特纸
深圳,600236,桂冠电力
深圳,600237,铜峰电子
深圳,600238,海南椰岛
深圳,600239,云南城投
深圳,600241,时代万恒
深圳,600243,青海华鼎
深圳,600246,万通发展
深圳,600248,陕建股份
深圳,600249,两面针
深圳,600250,南京商旅
深圳,600251,冠农股份
深圳,600252,中恒集团
深圳,600255,鑫科材料
深圳,600256,广汇能源
深圳,600257,大湖股份
深圳,600258,首旅酒店
深圳,600259,广晟有色
深圳,600261,阳光照明
深圳,600262,北方股份
深圳,600265,景谷林业
深圳,600266,城建发展
深圳,600267,海正药业
深圳,600268,国电南自
深圳,600269,赣粤高速
深圳,600271,航天信息
深圳,600272,开开实业
深圳,600273,嘉化能源
深圳,600276,恒瑞医药
深圳,600278,东方创业
深圳,600279,重庆港
深圳,600280,中央商场
深圳,600281,华阳新材
深圳,600282,南钢股份
深圳,600283,钱江水利
深圳,600284,浦东建设
深圳,600285,羚锐制药
深圳,600288,大恒科技
深圳,600292,远达环保
深圳,600293,三峡新材
深圳,600295,鄂尔多斯
深圳,600298,安琪酵母
深圳,600299,安迪苏
深圳,600300,维维股份
深圳,600301,华锡有色
深圳,600302,标准股份
深圳,600305,恒顺醋业
深圳,600307,酒钢宏兴
深圳,600308,华泰股份
深圳,600309,万华化学
深圳,600310,广西能源
深圳,600312,平高电气
深圳,600313,农发种业
深圳,600315,上海家化
深圳,600316,洪都航空
深圳,600318,新力金融
深圳,600319,亚星化学
深圳,600320,振华重工
深圳,600322,津投城开
深圳,600323,瀚蓝环境
深圳,600325,华发股份
深圳,600326,西藏天路
深圳,600327,大东方
深圳,600328,中盐化工
深圳,600329,达仁堂
深圳,600330,天通股份
深圳,600331,宏达股份
深圳,600332,白云山
深圳,600333,长春燃气
深圳,600335,国机汽车
深圳,600336,澳柯玛
深圳,600337,美克家居
深圳,600338,西藏珠峰
深圳,600339,中油工程
深圳,600340,华夏幸福
深圳,600343,航天动力
深圳,600345,长江通信
深圳,600346,恒力石化
深圳,600348,华阳股份
深圳,600350,山东高速
深圳,600351,亚宝药业
深圳,600352,浙江龙盛
深圳,600353,旭光电子
深圳,600354,敦煌种业
深圳,600355,精伦电子
深圳,600356,恒丰纸业
深圳,600359,新农开发
深圳,600361,创新新材
深圳,600362,江西铜业
深圳,600363,联创光电
深圳,600366,宁波韵升
深圳,600367,红星发展
深圳,600368,五洲交通
深圳,600369,西南证券
深圳,600370,三房巷
深圳,600371,万向德农
深圳,600372,中航机载
深圳,600373,中文传媒
深圳,600375,汉马科技
深圳,600376,首开股份
深圳,600377,宁沪高速
深圳,600378,昊华科技
深圳,600379,宝光股份
深圳,600380,健康元
深圳,600382,广东明珠
深圳,600383,金地集团
深圳,600386,北巴传媒
深圳,600388,龙净环保
深圳,600389,江山股份
深圳,600390,五矿资本
深圳,600391,航发科技
深圳,600392,盛和资源
深圳,600395,盘江股份
深圳,600396,华电辽能
深圳,600397,安源煤业
深圳,600398,海澜之家
深圳,600399,抚顺特钢
深圳,600400,红豆股份
深圳,600403,大有能源
深圳,600405,动力源
深圳,600406,国电南瑞
深圳,600408,安泰集团
深圳,600409,三友化工
深圳,600410,华胜天成
深圳,600415,小商品城
深圳,600416,湘电股份
深圳,600418,江淮汽车
深圳,600419,天润乳业
深圳,600420,国药现代
深圳,600421,华嵘控股
深圳,600422,昆药集团
深圳,600423,柳化股份
深圳,600425,青松建化
深圳,600426,华鲁恒升
深圳,600428,中远海特
深圳,600429,三元股份
深圳,600433,冠豪高新
深圳,600435,北方导航
深圳,600436,片仔癀
深圳,600438,通威股份
深圳,600439,瑞贝卡
深圳,600444,国机通用
深圳,600446,金证股份
深圳,600448,华纺股份
深圳,600449,宁夏建材
深圳,600452,涪陵电力
深圳,600455,博通股份
深圳,600456,宝钛股份
深圳,600458,时代新材
深圳,600459,贵研铂业
深圳,600460,士兰微
深圳,600461,洪城环境
深圳,600463,空港股份
深圳,600467,好当家
深圳,600468,百利电气
深圳,600469,风神股份
深圳,600470,六国化工
深圳,600475,华光环能
深圳,600476,湘邮科技
深圳,600477,杭萧钢构
深圳,600478,科力远
深圳,600479,千金药业
深圳,600480,凌云股份
深圳,600481,双良节能
深圳,600482,中国动力
深圳,600483,福能股份
深圳,600486,扬农化工
深圳,600487,亨通光电
深圳,600488,津药药业
深圳,600489,中金黄金
深圳,600490,鹏欣资源
深圳,600491,龙元建设
深圳,600493,凤竹纺织
深圳,600495,晋西车轴
深圳,600496,精工钢构
深圳,600497,驰宏锌锗
深圳,600498,烽火通信
深圳,600499,科达制造
深圳,600500,中化国际
深圳,600501,航天晨光
深圳,600502,XD安徽建
深圳,600503,华丽家族
深圳,600505,西昌电力
深圳,600506,统一股份
深圳,600507,方大特钢
深圳,600508,上海能源
深圳,600509,天富能源
深圳,600510,黑牡丹
深圳,600511,国药股份
深圳,600512,腾达建设
深圳,600513,联环药业
深圳,600515,海南机场
深圳,600516,方大炭素
深圳,600517,国网英大
深圳,600518,康美药业
深圳,600519,贵州茅台
深圳,600520,三佳科技
深圳,600521,华海药业
深圳,600522,中天科技
深圳,600523,贵航股份
深圳,600525,长园集团
深圳,600526,菲达环保
深圳,600527,江南高纤
深圳,600528,中铁工业
深圳,600529,山东药玻
深圳,600530,交大昂立
深圳,600531,豫光金铅
深圳,600533,栖霞建设
深圳,600535,天士力
深圳,600536,中国软件
深圳,600537,亿晶光电
深圳,600538,国发股份
深圳,600539,狮头股份
深圳,600540,新赛股份
深圳,600543,莫高股份
深圳,600545,卓郎智能
深圳,600546,山煤国际
深圳,600547,山东黄金
深圳,600548,深高速
深圳,600549,厦门钨业
深圳,600550,保变电气
深圳,600551,时代出版
深圳,600552,凯盛科技
深圳,600556,天下秀
深圳,600557,康缘药业
深圳,600558,大西洋
深圳,600559,老白干酒
深圳,600560,金自天正
深圳,600561,江西长运
深圳,600562,国睿科技
深圳,600563,法拉电子
深圳,600566,济川药业
深圳,600567,山鹰国际
深圳,600569,安阳钢铁
深圳,600570,恒生电子
深圳,600571,信雅达
深圳,600572,康恩贝
深圳,600573,惠泉啤酒
深圳,600575,淮河能源
深圳,600576,祥源文旅
深圳,600577,精达股份
深圳,600578,京能电力
深圳,600579,中化装备
深圳,600580,卧龙电驱
深圳,600581,八一钢铁
深圳,600582,天地科技
深圳,600583,海油工程
深圳,600584,长电科技
深圳,600585,海螺水泥
深圳,600586,金晶科技
深圳,600587,新华医疗
深圳,600588,用友网络
深圳,600589,大位科技
深圳,600590,泰豪科技
深圳,600592,龙溪股份
深圳,600593,大连圣亚
深圳,600594,益佰制药
深圳,600595,中孚实业
深圳,600596,新安股份
深圳,600597,光明乳业
深圳,600598,北大荒
深圳,600600,青岛啤酒
深圳,600601,方正科技
深圳,600602,云赛智联
深圳,600604,市北高新
深圳,600605,汇通能源
深圳,600606,绿地控股
深圳,600609,金杯汽车
深圳,600610,中毅达
深圳,600611,大众交通
深圳,600612,老凤祥
深圳,600613,神奇制药
深圳,600615,丰华股份
深圳,600616,金枫酒业
深圳,600617,国新能源
深圳,600618,氯碱化工
深圳,600619,海立股份
深圳,600620,天宸股份
深圳,600621,华鑫股份
深圳,600622,光大嘉宝
深圳,600623,华谊集团
深圳,600624,复旦复华
深圳,600626,申达股份
深圳,600628,新世界
深圳,600629,华建集团
深圳,600630,龙头股份
深圳,600633,浙数文化
深圳,600635,大众公用
深圳,600636,国新文化
深圳,600637,东方明珠
深圳,600638,新黄浦
深圳,600639,浦东金桥
深圳,600640,国脉文化
深圳,600641,万业企业
深圳,600642,申能股份
深圳,600643,爱建集团
深圳,600644,乐山电力
深圳,600645,中源协和
深圳,600648,外高桥
深圳,600649,城投控股
深圳,600650,锦江在线
深圳,600651,飞乐音响
深圳,600653,申华控股
深圳,600654,中安科
深圳,600655,豫园股份
深圳,600657,信达地产
深圳,600658,电子城
深圳,600660,福耀玻璃
深圳,600661,昂立教育
深圳,600662,外服控股
深圳,600663,陆家嘴
深圳,600664,哈药股份
深圳,600665,天地源
深圳,600666,奥瑞德
深圳,600667,太极实业
深圳,600668,尖峰集团
深圳,600673,东阳光
深圳,600674,川投能源
深圳,600675,中华企业
深圳,600676,交运股份
深圳,600678,四川金顶
深圳,600679,上海凤凰
深圳,600681,百川能源
深圳,600682,南京新百
深圳,600683,京投发展
深圳,600684,珠江股份
深圳,600685,中船防务
深圳,600686,金龙汽车
深圳,600688,上海石化
深圳,600689,上海三毛
深圳,600690,海尔智家
深圳,600691,阳煤化工
深圳,600692,亚通股份
深圳,600693,东百集团
深圳,600694,大商股份
深圳,600696,岩石股份
深圳,600697,欧亚集团
深圳,600698,湖南天雁
深圳,600699,均胜电子
深圳,600702,舍得酒业
深圳,600703,三安光电
深圳,600704,物产中大
深圳,600705,中航产融
深圳,600706,曲江文旅
深圳,600707,彩虹股份
深圳,600708,光明地产
深圳,600710,苏美达
深圳,600712,南宁百货
深圳,600713,南京医药
深圳,600714,金瑞矿业
深圳,600716,凤凰股份
深圳,600717,天津港
深圳,600718,东软集团
深圳,600719,大连热电
深圳,600720,中交设计
深圳,600721,百花医药
深圳,600722,金牛化工
深圳,600724,宁波富达
深圳,600725,云维股份
深圳,600726,华电能源
深圳,600727,鲁北化工
深圳,600728,佳都科技
深圳,600729,重庆百货
深圳,600730,中国高科
深圳,600731,湖南海利
深圳,600732,爱旭股份
深圳,600733,北汽蓝谷
深圳,600734,实达集团
深圳,600735,新华锦
深圳,600736,苏州高新
深圳,600737,中粮糖业
深圳,600738,丽尚国潮
深圳,600739,辽宁成大
深圳,600740,山西焦化
深圳,600741,华域汽车
深圳,600742,一汽富维
深圳,600743,华远地产
深圳,600744,华银电力
深圳,600745,闻泰科技
深圳,600746,江苏索普
深圳,600748,上实发展
深圳,600749,西藏旅游
深圳,600750,江中药业
深圳,600751,海航科技
深圳,600753,庚星股份
深圳,600754,锦江酒店
深圳,600755,厦门国贸
深圳,600756,浪潮软件
深圳,600757,长江传媒
深圳,600758,辽宁能源
深圳,600759,洲际油气
深圳,600760,中航沈飞
深圳,600761,安徽合力
深圳,600763,通策医疗
深圳,600764,中国海防
深圳,600765,中航重机
深圳,600768,宁波富邦
深圳,600769,祥龙电业
深圳,600770,综艺股份
深圳,600771,广誉远
深圳,600773,西藏城投
深圳,600774,汉商集团
深圳,600775,南京熊猫
深圳,600776,东方通信
深圳,600778,友好集团
深圳,600779,水井坊
深圳,600780,通宝能源
深圳,600782,新钢股份
深圳,600783,鲁信创投
深圳,600784,鲁银投资
深圳,600785,新华百货
深圳,600787,中储股份
深圳,600789,鲁抗医药
深圳,600790,轻纺城
深圳,600791,京能置业
深圳,600792,云煤能源
深圳,600793,宜宾纸业
深圳,600794,保税科技
深圳,600795,国电电力
深圳,600796,钱江生化
深圳,600797,浙大网新
深圳,600798,宁波海运
深圳,600800,渤海化学
深圳,600801,华新水泥
深圳,600802,福建水泥
深圳,600803,新奥股份
深圳,600805,悦达投资
深圳,600807,济高发展
深圳,600808,马钢股份
深圳,600809,山西汾酒
深圳,600810,神马股份
深圳,600812,华北制药
深圳,600814,杭州解百
深圳,600815,厦工股份
深圳,600816,建元信托
深圳,600817,宇通重工
深圳,600818,中路股份
深圳,600819,耀皮玻璃
深圳,600820,隧道股份
深圳,600821,金开新能
深圳,600822,上海物贸
深圳,600824,益民集团
深圳,600825,新华传媒
深圳,600826,兰生股份
深圳,600827,百联股份
深圳,600828,茂业商业
深圳,600829,人民同泰
深圳,600830,香溢融通
深圳,600833,第一医药
深圳,600834,申通地铁
深圳,600835,上海机电
深圳,600838,上海九百
深圳,600839,四川长虹
深圳,600841,动力新科
深圳,600843,上工申贝
深圳,600844,丹化科技
深圳,600845,宝信软件
深圳,600846,同济科技
深圳,600847,万里股份
深圳,600848,上海临港
深圳,600850,电科数字
深圳,600851,海欣股份
深圳,600853,龙建股份
深圳,600854,春兰股份
深圳,600855,航天长峰
深圳,600857,宁波中百
深圳,600858,银座股份
深圳,600859,王府井
深圳,600860,京城股份
深圳,600861,北京人力
深圳,600862,中航高科
深圳,600863,内蒙华电
深圳,600864,哈投股份
深圳,600865,百大集团
深圳,600866,星湖科技
深圳,600867,通化东宝
深圳,600868,梅雁吉祥
深圳,600869,远东股份
深圳,600871,石化油服
深圳,600872,中炬高新
深圳,600873,梅花生物
深圳,600874,创业环保
深圳,600875,东方电气
深圳,600876,凯盛新能
深圳,600877,电科芯片
深圳,600879,航天电子
深圳,600880,博瑞传播
深圳,600881,亚泰集团
深圳,600882,妙可蓝多
深圳,600883,博闻科技
深圳,600884,杉杉股份
深圳,600885,宏发股份
深圳,600886,国投电力
深圳,600887,伊利股份
深圳,600888,新疆众和
深圳,600889,南京化纤
深圳,600892,大晟文化
深圳,600893,航发动力
深圳,600894,广日股份
深圳,600895,张江高科
深圳,600897,厦门空港
深圳,600900,长江电力
深圳,600901,江苏金租
深圳,600903,贵州燃气
深圳,600905,三峡能源
深圳,600906,财达证券
深圳,600908,无锡银行
深圳,600909,华安证券
深圳,600916,中国黄金
深圳,600917,重庆燃气
深圳,600918,中泰证券
深圳,600919,江苏银行
深圳,600925,苏能股份
深圳,600926,杭州银行
深圳,600927,永安期货
深圳,600928,西安银行
深圳,600929,雪天盐业
深圳,600933,爱柯迪
深圳,600935,华塑股份
深圳,600936,广西广电
深圳,600938,中国海油
深圳,600939,重庆建工
深圳,600941,中国移动
深圳,600955,维远股份
深圳,600956,新天绿能
深圳,600958,东方证券
深圳,600959,江苏有线
深圳,600960,渤海汽车
深圳,600961,株冶集团
深圳,600962,国投中鲁
深圳,600963,岳阳林纸
深圳,600965,福成股份
深圳,600966,博汇纸业
深圳,600967,内蒙一机
深圳,600968,海油发展
深圳,600969,郴电国际
深圳,600970,中材国际
深圳,600971,恒源煤电
深圳,600973,宝胜股份
深圳,600975,新五丰
深圳,600976,健民集团
深圳,600977,中国电影
深圳,600979,广安爱众
深圳,600980,北矿科技
深圳,600981,汇鸿集团
深圳,600982,宁波能源
深圳,600983,惠而浦
深圳,600984,建设机械
深圳,600985,淮北矿业
深圳,600986,浙文互联
深圳,600987,航民股份
深圳,600988,赤峰黄金
深圳,600989,宝丰能源
深圳,600990,四创电子
深圳,600992,贵绳股份
深圳,600993,马应龙
深圳,600995,南网储能
深圳,600996,贵广网络
深圳,600997,开滦股份
深圳,600998,九州通
深圳,600999,招商证券
深圳,601000,唐山港
深圳,601001,晋控煤业
深圳,601002,晋亿实业
深圳,601003,柳钢股份
深圳,601005,重庆钢铁
深圳,601006,大秦铁路
深圳,601007,金陵饭店
深圳,601008,连云港
深圳,601009,南京银行
深圳,601010,文峰股份
深圳,601011,宝泰隆
深圳,601012,隆基绿能
深圳,601015,陕西黑猫
深圳,601016,节能风电
深圳,601018,宁波港
深圳,601019,山东出版
深圳,601020,华钰矿业
深圳,601021,春秋航空
深圳,601022,宁波远洋
深圳,601028,玉龙股份
深圳,601033,永兴股份
深圳,601038,一拖股份
深圳,601058,赛轮轮胎
深圳,601059,信达证券
深圳,601061,中信金属
深圳,601065,江盐集团
深圳,601066,中信建投
深圳,601068,中铝国际
深圳,601069,西部黄金
深圳,601077,渝农商行
深圳,601083,锦江航运
深圳,601086,国芳集团
深圳,601088,中国神华
深圳,601089,福元医药
深圳,601096,宏盛华源
深圳,601098,中南传媒
深圳,601099,太平洋
深圳,601100,恒立液压
深圳,601101,昊华能源
深圳,601106,中国一重
深圳,601107,四川成渝
深圳,601108,财通证券
深圳,601111,中国国航
深圳,601113,华鼎股份
深圳,601116,三江购物
深圳,601117,中国化学
深圳,601118,海南橡胶
深圳,601121,宝地矿业
深圳,601126,四方股份
深圳,601127,赛力斯
深圳,601128,常熟银行
深圳,601133,柏诚股份
深圳,601136,首创证券
深圳,601137,博威合金
深圳,601138,工业富联
深圳,601139,深圳燃气
深圳,601155,新城控股
深圳,601156,东航物流
深圳,601158,重庆水务
深圳,601162,天风证券
深圳,601163,三角轮胎
深圳,601166,兴业银行
深圳,601168,西部矿业
深圳,601169,北京银行
深圳,601177,杭齿前进
深圳,601179,中国西电
深圳,601186,中国铁建
深圳,601187,厦门银行
深圳,601188,龙江交通
深圳,601198,东兴证券
深圳,601199,江南水务
深圳,601200,上海环境
深圳,601208,东材科技
深圳,601211,国泰海通
深圳,601212,白银有色
深圳,601216,君正集团
深圳,601218,吉鑫科技
深圳,601222,林洋能源
深圳,601225,陕西煤业
深圳,601226,华电科工
深圳,601228,广州港
深圳,601229,上海银行
深圳,601231,环旭电子
深圳,601233,桐昆股份
深圳,601236,红塔证券
深圳,601238,广汽集团
深圳,601279,英利汽车
深圳,601288,农业银行
深圳,601298,青岛港
深圳,601311,骆驼股份
深圳,601318,中国平安
深圳,601319,中国人保
深圳,601326,秦港股份
深圳,601328,XD交通银
深圳,601330,绿色动力
深圳,601333,广深铁路
深圳,601336,新华保险
深圳,601339,百隆东方
深圳,601360,三六零
深圳,601366,利群股份
深圳,601368,绿城水务
深圳,601369,陕鼓动力
深圳,601375,中原证券
深圳,601377,兴业证券
深圳,601388,怡球资源
深圳,601390,中国中铁
深圳,601398,工商银行
深圳,601399,国机重装
深圳,601456,国联民生
深圳,601500,通用股份
深圳,601512,中新集团
深圳,601515,东峰集团
深圳,601518,吉林高速
深圳,601519,大智慧
深圳,601528,瑞丰银行
深圳,601555,东吴证券
深圳,601566,九牧王
深圳,601567,三星医疗
深圳,601568,北元集团
深圳,601577,长沙银行
深圳,601579,会稽山
深圳,601588,北辰实业
深圳,601595,上海电影
深圳,601598,中国外运
深圳,601599,浙文影业
深圳,601600,中国铝业
深圳,601601,中国太保
深圳,601606,长城军工
深圳,601607,上海医药
深圳,601608,中信重工
深圳,601609,金田股份
深圳,601611,中国核建
深圳,601615,明阳智能
深圳,601616,广电电气
深圳,601618,中国中冶
深圳,601619,嘉泽新能
深圳,601628,中国人寿
深圳,601633,长城汽车
深圳,601636,旗滨集团
深圳,601658,邮储银行
深圳,601665,齐鲁银行
深圳,601666,平煤股份
深圳,601668,中国建筑
深圳,601669,中国电建
深圳,601677,明泰铝业
深圳,601678,滨化股份
深圳,601686,友发集团
深圳,601688,华泰证券
深圳,601689,拓普集团
深圳,601696,中银证券
深圳,601698,中国卫通
深圳,601699,潞安环能
深圳,601700,风范股份
深圳,601702,华峰铝业
深圳,601717,郑煤机
深圳,601718,际华集团
深圳,601727,上海电气
深圳,601728,中国电信
深圳,601766,中国中车
深圳,601777,千里科技
深圳,601778,晶科科技
深圳,601788,光大证券
深圳,601789,宁波建工
深圳,601798,蓝科高新
深圳,601799,星宇股份
深圳,601800,中国交建
深圳,601801,皖新传媒
深圳,601808,中海油服
深圳,601811,新华文轩
深圳,601816,京沪高铁
深圳,601818,光大银行
深圳,601825,沪农商行
深圳,601827,三峰环境
深圳,601828,美凯龙
深圳,601838,成都银行
深圳,601857,中国石油
深圳,601858,中国科传
深圳,601860,紫金银行
深圳,601865,福莱特
深圳,601866,中远海发
深圳,601868,中国能建
深圳,601869,长飞光纤
深圳,601872,招商轮船
深圳,601877,正泰电器
深圳,601878,浙商证券
深圳,601880,辽港股份
深圳,601881,中国银河
深圳,601882,海天精工
深圳,601886,江河集团
深圳,601888,中国中免
深圳,601890,亚星锚链
深圳,601898,中煤能源
深圳,601899,紫金矿业
深圳,601900,南方传媒
深圳,601901,方正证券
深圳,601908,京运通
深圳,601916,浙商银行
深圳,601918,新集能源
深圳,601919,中远海控
深圳,601921,浙版传媒
深圳,601928,凤凰传媒
深圳,601929,吉视传媒
深圳,601933,永辉超市
深圳,601939,建设银行
深圳,601949,中国出版
深圳,601952,苏垦农发
深圳,601956,东贝集团
深圳,601958,金钼股份
深圳,601963,重庆银行
深圳,601965,中国汽研
深圳,601966,玲珑轮胎
深圳,601968,宝钢包装
深圳,601969,海南矿业
深圳,601975,招商南油
深圳,601985,中国核电
深圳,601988,中国银行
深圳,601989,中国重工
深圳,601990,南京证券
深圳,601991,大唐发电
深圳,601992,金隅集团
深圳,601995,中金公司
深圳,601996,丰林集团
深圳,601997,贵阳银行
深圳,601998,中信银行
深圳,601999,出版传媒
深圳,603000,人民网
深圳,603001,奥康国际
深圳,603002,宏昌电子
深圳,603004,鼎龙科技
深圳,603005,晶方科技
深圳,603006,联明股份
深圳,603008,喜临门
深圳,603009,北特科技
深圳,603010,万盛股份
深圳,603011,合锻智能
深圳,603012,创力集团
深圳,603013,亚普股份
深圳,603015,弘讯科技
深圳,603016,新宏泰
深圳,603017,中衡设计
深圳,603018,华设集团
深圳,603019,中科曙光
深圳,603020,爱普股份
深圳,603021,山东华鹏
深圳,603022,新通联
深圳,603025,大豪科技
深圳,603026,石大胜华
深圳,603027,千禾味业
深圳,603028,赛福天
深圳,603029,天鹅股份
深圳,603030,全筑股份
深圳,603031,安孚科技
深圳,603032,德新科技
深圳,603033,三维股份
深圳,603035,常熟汽饰
深圳,603036,如通股份
深圳,603037,凯众股份
深圳,603038,华立股份
深圳,603039,泛微网络
深圳,603040,新坐标
深圳,603041,美思德
深圳,603042,华脉科技
深圳,603043,广州酒家
深圳,603045,福达合金
深圳,603048,浙江黎明
深圳,603050,科林电气
深圳,603051,鹿山新材
深圳,603052,可川科技
深圳,603053,成都燃气
深圳,603055,台华新材
深圳,603056,德邦股份
深圳,603057,紫燕食品
深圳,603058,永吉股份
深圳,603059,倍加洁
深圳,603060,国检集团
深圳,603061,金海通
深圳,603062,麦加芯彩
深圳,603063,禾望电气
深圳,603065,宿迁联盛
深圳,603066,音飞储存
深圳,603067,振华股份
深圳,603068,博通集成
深圳,603069,海汽集团
深圳,603070,万控智造
深圳,603071,物产环能
深圳,603072,天和磁材
深圳,603073,彩蝶实业
深圳,603075,热威股份
深圳,603076,乐惠国际
深圳,603077,和邦生物
深圳,603078,江化微
深圳,603079,圣达生物
深圳,603080,新疆火炬
深圳,603081,大丰实业
深圳,603082,北自科技
深圳,603083,剑桥科技
深圳,603085,天成自控
深圳,603086,先达股份
深圳,603087,甘李药业
深圳,603088,宁波精达
深圳,603089,正裕工业
深圳,603090,宏盛股份
深圳,603091,众鑫股份
深圳,603093,南华期货
深圳,603095,越剑智能
深圳,603096,新经典
深圳,603097,江苏华辰
深圳,603098,森特股份
深圳,603099,长白山
深圳,603100,川仪股份
深圳,603101,汇嘉时代
深圳,603102,百合股份
深圳,603103,横店影视
深圳,603105,芯能科技
深圳,603106,恒银科技
深圳,603107,上海汽配
深圳,603108,润达医疗
深圳,603109,神驰机电
深圳,603110,东方材料
深圳,603111,康尼机电
深圳,603112,华翔股份
深圳,603113,金能科技
深圳,603115,海星股份
深圳,603116,红蜻蜓
深圳,603117,万林物流
深圳,603118,共进股份
深圳,603119,浙江荣泰
深圳,603120,C肯特
深圳,603121,华培动力
深圳,603122,合富中国
深圳,603123,翠微股份
深圳,603124,江南新材
深圳,603125,常青科技
深圳,603126,中材节能
深圳,603127,昭衍新药
深圳,603128,华贸物流
深圳,603129,春风动力
深圳,603130,云中马
深圳,603131,上海沪工
深圳,603132,金徽股份
深圳,603135,中重科技
深圳,603136,天目湖
深圳,603137,恒尚节能
深圳,603138,海量数据
深圳,603139,康惠制药
深圳,603150,万朗磁塑
深圳,603151,邦基科技
深圳,603153,上海建科
深圳,603155,新亚强
深圳,603156,养元饮品
深圳,603158,腾龙股份
深圳,603159,上海亚虹
深圳,603160,汇顶科技
深圳,603161,科华控股
深圳,603162,海通发展
深圳,603163,圣晖集成
深圳,603165,荣晟环保
深圳,603166,福达股份
深圳,603167,渤海轮渡
深圳,603168,莎普爱思
深圳,603169,兰石重装
深圳,603170,宝立食品
深圳,603171,税友股份
深圳,603172,万丰股份
深圳,603173,福斯达
深圳,603176,汇通集团
深圳,603177,德创环保
深圳,603178,圣龙股份
深圳,603179,新泉股份
深圳,603180,金牌家居
深圳,603181,皇马科技
深圳,603182,嘉华股份
深圳,603183,建研院
深圳,603185,弘元绿能
深圳,603186,华正新材
深圳,603187,海容冷链
深圳,603188,亚邦股份
深圳,603189,网达软件
深圳,603190,亚通精工
深圳,603191,望变电气
深圳,603192,汇得科技
深圳,603193,润本股份
深圳,603194,中力股份
深圳,603195,公牛集团
深圳,603196,日播时尚
深圳,603197,保隆科技
深圳,603198,迎驾贡酒
深圳,603199,九华旅游
深圳,603200,上海洗霸
深圳,603201,常润股份
深圳,603203,快克智能
深圳,603205,健尔康
深圳,603206,嘉环科技
深圳,603207,小方制药
深圳,603208,江山欧派
深圳,603209,兴通股份
深圳,603210,泰鸿万立
深圳,603211,晋拓股份
深圳,603212,赛伍技术
深圳,603213,镇洋发展
深圳,603214,爱婴室
深圳,603215,比依股份
深圳,603216,梦天家居
深圳,603217,元利科技
深圳,603218,日月股份
深圳,603219,富佳股份
深圳,603220,中贝通信
深圳,603221,爱丽家居
深圳,603222,济民健康
深圳,603223,恒通股份
深圳,603225,新凤鸣
深圳,603226,菲林格尔
深圳,603227,雪峰科技
深圳,603228,景旺电子
深圳,603229,奥翔药业
深圳,603230,内蒙新华
深圳,603231,索宝蛋白
深圳,603232,格尔软件
深圳,603233,大参林
深圳,603235,天新药业
深圳,603236,移远通信
深圳,603237,五芳斋
深圳,603238,诺邦股份
深圳,603239,浙江仙通
深圳,603255,鼎际得
深圳,603256,宏和科技
深圳,603257,中国瑞林
深圳,603258,电魂网络
深圳,603259,药明康德
深圳,603260,合盛硅业
深圳,603261,立航科技
深圳,603266,天龙股份
深圳,603267,鸿远电子
深圳,603268,松发股份
深圳,603269,海鸥股份
深圳,603270,金帝股份
深圳,603271,永杰新材
深圳,603272,联翔股份
深圳,603273,天元智能
深圳,603275,众辰科技
深圳,603276,恒兴新材
深圳,603277,银都股份
深圳,603278,大业股份
深圳,603279,景津装备
深圳,603280,南方路机
深圳,603281,江瀚新材
深圳,603282,亚光股份
深圳,603283,赛腾股份
深圳,603285,键邦股份
深圳,603286,日盈电子
深圳,603288,海天味业
深圳,603289,泰瑞机器
深圳,603290,斯达半导
深圳,603291,联合水务
深圳,603296,华勤技术
深圳,603297,永新光学
深圳,603298,杭叉集团
深圳,603299,苏盐井神
深圳,603300,海南华铁
深圳,603301,振德医疗
深圳,603303,得邦照明
深圳,603305,旭升集团
深圳,603306,华懋科技
深圳,603307,扬州金泉
深圳,603308,应流股份
深圳,603309,维力医疗
深圳,603310,巍华新材
深圳,603311,金海高科
深圳,603312,西典新能
深圳,603313,梦百合
深圳,603315,福鞍股份
深圳,603316,诚邦股份
深圳,603317,天味食品
深圳,603318,水发燃气
深圳,603319,美湖股份
深圳,603320,迪贝电气
深圳,603321,梅轮电梯
深圳,603322,超讯通信
深圳,603323,苏农银行
深圳,603324,盛剑科技
深圳,603325,博隆技术
深圳,603326,我乐家居
深圳,603327,福蓉科技
深圳,603328,依顿电子
深圳,603329,上海雅仕
深圳,603330,天洋新材
深圳,603331,百达精工
深圳,603332,苏州龙杰
深圳,603333,尚纬股份
深圳,603335,迪生力
深圳,603336,宏辉果蔬
深圳,603337,杰克股份
深圳,603338,浙江鼎力
深圳,603339,四方科技
深圳,603341,龙旗科技
深圳,603344,星德胜
深圳,603345,安井食品
深圳,603348,文灿股份
深圳,603350,安乃达
深圳,603351,威尔药业
深圳,603353,和顺石油
深圳,603355,莱克电气
深圳,603356,华菱精工
深圳,603357,设计总院
深圳,603358,华达科技
深圳,603359,东珠生态
深圳,603360,百傲化学
深圳,603365,水星家纺
深圳,603366,日出东方
深圳,603367,辰欣药业
深圳,603368,柳药集团
深圳,603369,今世缘
深圳,603373,安邦护卫
深圳,603375,盛景微
深圳,603378,亚士创能
深圳,603379,三美股份
深圳,603380,易德龙
深圳,603381,永臻股份
深圳,603383,顶点软件
深圳,603385,惠达卫浴
深圳,603386,骏亚科技
深圳,603387,基蛋生物
深圳,603389,亚振家居
深圳,603390,通达电气
深圳,603391,力聚热能
深圳,603392,万泰生物
深圳,603393,新天然气
深圳,603395,红四方
深圳,603396,金辰股份
深圳,603398,沐邦高科
深圳,603399,永杉锂业
深圳,603408,建霖家居
深圳,603409,汇通控股
深圳,603416,信捷电气
深圳,603421,鼎信通讯
深圳,603429,集友股份
深圳,603439,贵州三力
深圳,603444,吉比特
深圳,603456,九洲药业
深圳,603458,勘设股份
深圳,603466,风语筑
深圳,603477,巨星农牧
深圳,603486,科沃斯
深圳,603488,展鹏科技
深圳,603489,八方股份
深圳,603496,恒为科技
深圳,603499,翔港科技
深圳,603500,祥和实业
深圳,603501,韦尔股份
深圳,603505,金石资源
深圳,603506,南都物业
深圳,603507,振江股份
深圳,603508,思维列控
深圳,603511,爱慕股份
深圳,603515,欧普照明
深圳,603516,淳中科技
深圳,603517,绝味食品
深圳,603518,锦泓集团
深圳,603519,立霸股份
深圳,603520,司太立
深圳,603527,众源新材
深圳,603528,多伦科技
深圳,603529,爱玛科技
深圳,603530,神马电力
深圳,603533,掌阅科技
深圳,603535,嘉诚国际
深圳,603536,惠发食品
深圳,603538,美诺华
深圳,603551,奥普科技
深圳,603556,海兴电力
深圳,603558,健盛集团
深圳,603565,中谷物流
深圳,603566,普莱柯
深圳,603567,珍宝岛
深圳,603568,伟明环保
深圳,603569,长久物流
深圳,603577,汇金通
深圳,603578,三星新材
深圳,603579,荣泰健康
深圳,603580,艾艾精工
深圳,603583,捷昌驱动
深圳,603585,苏利股份
深圳,603586,金麒麟
深圳,603587,地素时尚
深圳,603588,高能环境
深圳,603589,口子窖
深圳,603590,康辰药业
深圳,603595,东尼电子
深圳,603596,伯特利
深圳,603598,引力传媒
深圳,603599,广信股份
深圳,603600,永艺股份
深圳,603601,再升科技
深圳,603602,纵横通信
深圳,603605,珀莱雅
深圳,603606,东方电缆
深圳,603607,京华激光
深圳,603609,禾丰股份
深圳,603610,麒盛科技
深圳,603611,诺力股份
深圳,603612,索通发展
深圳,603613,国联股份
深圳,603615,茶花股份
深圳,603616,韩建河山
深圳,603617,君禾股份
深圳,603618,杭电股份
深圳,603619,中曼石油
深圳,603626,科森科技
深圳,603628,清源股份
深圳,603629,利通电子
深圳,603630,拉芳家化
深圳,603633,徕木股份
深圳,603636,南威软件
深圳,603637,镇海股份
深圳,603638,艾迪精密
深圳,603639,海利尔
深圳,603648,畅联股份
深圳,603650,彤程新材
深圳,603655,朗博科技
深圳,603656,泰禾智能
深圳,603657,春光科技
深圳,603658,安图生物
深圳,603659,璞泰来
深圳,603660,苏州科达
深圳,603661,恒林股份
深圳,603662,柯力传感
深圳,603663,三祥新材
深圳,603665,康隆达
深圳,603666,亿嘉和
深圳,603667,五洲新春
深圳,603668,天马科技
深圳,603669,灵康药业
深圳,603676,卫信康
深圳,603677,奇精机械
深圳,603678,火炬电子
深圳,603679,华体科技
深圳,603680,今创集团
深圳,603681,永冠新材
深圳,603682,锦和商管
深圳,603683,晶华新材
深圳,603685,晨丰科技
深圳,603686,福龙马
深圳,603687,大胜达
深圳,603688,石英股份
深圳,603689,皖天然气
深圳,603690,至纯科技
深圳,603693,江苏新能
深圳,603696,安记食品
深圳,603697,有友食品
深圳,603698,航天工程
深圳,603699,纽威股份
深圳,603700,宁水集团
深圳,603701,德宏股份
深圳,603703,盛洋科技
深圳,603706,东方环宇
深圳,603707,健友股份
深圳,603708,家家悦
深圳,603709,中源家居
深圳,603711,香飘飘
深圳,603712,七一二
深圳,603713,密尔克卫
深圳,603716,塞力医疗
深圳,603717,天域生物
深圳,603718,海利生物
深圳,603719,良品铺子
深圳,603721,中广天择
深圳,603722,阿科力
深圳,603725,天安新材
深圳,603726,朗迪集团
深圳,603727,博迈科
深圳,603728,鸣志电器
深圳,603729,龙韵股份
深圳,603730,岱美股份
深圳,603733,仙鹤股份
深圳,603737,三棵树
深圳,603738,泰晶科技
深圳,603739,蔚蓝生物
深圳,603755,日辰股份
深圳,603757,大元泵业
深圳,603758,秦安股份
深圳,603759,海天股份
深圳,603766,隆鑫通用
深圳,603767,中马传动
深圳,603768,常青股份
深圳,603773,沃格光电
深圳,603776,永安行
深圳,603777,来伊份
深圳,603778,国晟科技
深圳,603779,威龙股份
深圳,603786,科博达
深圳,603787,新日股份
深圳,603788,宁波高发
深圳,603789,星光农机
深圳,603790,雅运股份
深圳,603797,联泰环保
深圳,603798,康普顿
深圳,603799,华友钴业
深圳,603800,洪田股份
深圳,603801,志邦家居
深圳,603803,瑞斯康达
深圳,603806,福斯特
深圳,603808,歌力思
深圳,603809,豪能股份
深圳,603810,丰山集团
深圳,603811,诚意药业
深圳,603813,原尚股份
深圳,603815,交建股份
深圳,603816,顾家家居
深圳,603817,海峡环保
深圳,603818,曲美家居
深圳,603819,神力股份
深圳,603822,嘉澳环保
深圳,603823,百合花
深圳,603825,华扬联众
深圳,603826,坤彩科技
深圳,603829,洛凯股份
深圳,603833,欧派家居
深圳,603836,海程邦达
深圳,603838,四通股份
深圳,603839,安正时尚
深圳,603843,正平股份
深圳,603848,好太太
深圳,603855,华荣股份
深圳,603856,东宏股份
深圳,603858,步长制药
深圳,603859,能科科技
深圳,603860,中公高科
深圳,603861,白云电器
深圳,603863,松炀资源
深圳,603866,桃李面包
深圳,603867,新化股份
深圳,603868,飞科电器
深圳,603871,嘉友国际
深圳,603876,鼎胜新材
深圳,603877,太平鸟
深圳,603878,武进不锈
深圳,603880,南卫股份
深圳,603881,数据港
深圳,603882,金域医学
深圳,603883,老百姓
深圳,603885,吉祥航空
深圳,603886,元祖股份
深圳,603887,城地香江
深圳,603888,新华网
深圳,603889,新澳股份
深圳,603890,春秋电子
深圳,603893,瑞芯微
深圳,603895,天永智能
深圳,603896,寿仙谷
深圳,603897,长城科技
深圳,603898,好莱客
深圳,603899,晨光股份
深圳,603900,莱绅通灵
深圳,603901,永创智能
深圳,603903,中持股份
深圳,603906,龙蟠科技
深圳,603908,牧高笛
深圳,603909,建发合诚
深圳,603912,佳力图
深圳,603915,国茂股份
深圳,603916,苏博特
深圳,603917,合力科技
深圳,603918,金桥信息
深圳,603919,金徽酒
深圳,603920,世运电路
深圳,603922,金鸿顺
深圳,603926,铁流股份
深圳,603927,中科软
深圳,603928,兴业股份
深圳,603929,亚翔集成
深圳,603931,格林达
深圳,603933,睿能科技
深圳,603936,博敏电子
深圳,603937,丽岛新材
深圳,603938,三孚股份
深圳,603939,益丰药房
深圳,603948,建业股份
深圳,603949,雪龙集团
深圳,603950,长源东谷
深圳,603955,大千生态
深圳,603956,威派格
深圳,603958,哈森股份
深圳,603960,克来机电
深圳,603966,法兰泰克
深圳,603967,中创物流
深圳,603968,醋化股份
深圳,603969,银龙股份
深圳,603970,中农立华
深圳,603976,正川股份
深圳,603977,国泰集团
深圳,603978,深圳新星
深圳,603979,金诚信
深圳,603980,吉华集团
深圳,603982,泉峰汽车
深圳,603983,丸美生物
深圳,603985,恒润股份
深圳,603986,兆易创新
深圳,603987,康德莱
深圳,603988,中电电机
深圳,603989,艾华集团
深圳,603990,麦迪科技
深圳,603991,至正股份
深圳,603992,松霖科技
深圳,603993,洛阳钼业
深圳,603995,甬金股份
深圳,603997,继峰股份
深圳,603998,方盛制药
深圳,603999,读者传媒
深圳,605001,威奥股份
深圳,605003,众望布艺
深圳,605005,合兴股份
深圳,605006,山东玻纤
深圳,605007,五洲特纸
深圳,605008,长鸿高科
深圳,605009,豪悦护理
深圳,605011,杭州热电
深圳,605016,百龙创园
深圳,605018,长华集团
深圳,605020,永和股份
深圳,605028,世茂能源
深圳,605033,美邦股份
深圳,605050,福然德
深圳,605055,迎丰股份
深圳,605056,咸亨国际
深圳,605058,澳弘电子
深圳,605060,联德股份
深圳,605066,天正电气
深圳,605068,明新旭腾
深圳,605069,正和生态
深圳,605077,华康股份
深圳,605080,浙江自然
深圳,605081,太和水
深圳,605086,龙高股份
深圳,605088,冠盛股份
深圳,605089,味知香
深圳,605090,九丰能源
深圳,605098,行动教育
深圳,605099,共创草坪
深圳,605100,华丰股份
深圳,605108,同庆楼
深圳,605111,新洁能
深圳,605116,奥锐特
深圳,605117,德业股份
深圳,605118,力鼎光电
深圳,605122,四方新材
深圳,605123,派克新材
深圳,605128,上海沿浦
深圳,605133,嵘泰股份
深圳,605136,丽人丽妆
深圳,605138,盛泰集团
深圳,605151,西上海
深圳,605155,西大门
深圳,605158,华达新材
深圳,605162,新中港
深圳,605166,聚合顺
深圳,605167,利柏特
深圳,605168,三人行
深圳,605169,洪通燃气
深圳,605177,东亚药业
深圳,605178,时空科技
深圳,605179,一鸣食品
深圳,605180,华生科技
深圳,605183,确成股份
深圳,605186,健麾信息
深圳,605188,国光连锁
深圳,605189,富春染织
深圳,605196,华通线缆
深圳,605198,安德利
深圳,605199,葫芦娃
深圳,605208,永茂泰
深圳,605218,伟时电子
深圳,605222,起帆电缆
深圳,605228,神通科技
深圳,605255,天普股份
深圳,605258,协和电子
深圳,605259,绿田机械
深圳,605266,健之佳
深圳,605268,王力安防
深圳,605277,新亚电子
深圳,605286,同力日升
深圳,605287,德才股份
深圳,605288,凯迪股份
深圳,605289,罗曼股份
深圳,605296,神农集团
深圳,605298,必得科技
深圳,605299,舒华体育
深圳,605300,佳禾食品
深圳,605303,园林股份
深圳,605305,中际联合
深圳,605318,法狮龙
深圳,605319,无锡振华
深圳,605333,沪光股份
深圳,605336,帅丰电器
深圳,605337,李子园
深圳,605338,巴比食品
深圳,605339,南侨食品
深圳,605358,立昂微
深圳,605365,立达信
深圳,605366,宏柏新材
深圳,605368,蓝天燃气
深圳,605369,拱东医疗
深圳,605376,博迁新材
深圳,605377,华旺科技
深圳,605378,野马电池
深圳,605388,均瑶健康
深圳,605389,长龄液压
深圳,605398,新炬网络
深圳,605399,晨光新材
深圳,605488,福莱新材
深圳,605499,XD东鹏饮
深圳,605500,森林包装
深圳,605507,国邦医药
深圳,605555,德昌股份
深圳,605566,福莱蒽特
深圳,605567,春雪食品
深圳,605577,龙版传媒
深圳,605580,恒盛能源
深圳,605588,冠石科技
深圳,605589,圣泉集团
深圳,605598,上海港湾
深圳,605599,菜百股份
深圳,688001,华兴源创
深圳,688002,睿创微纳
深圳,688003,天准科技
深圳,688004,博汇科技
深圳,688005,容百科技
深圳,688006,杭可科技
深圳,688007,光峰科技
深圳,688008,澜起科技
深圳,688009,中国通号
深圳,688010,福光股份
深圳,688011,新光光电
深圳,688012,中微公司
深圳,688013,天臣医疗
深圳,688015,交控科技
深圳,688016,心脉医疗
深圳,688017,绿的谐波
深圳,688018,乐鑫科技
深圳,688019,安集科技
深圳,688020,方邦股份
深圳,688021,奥福环保
深圳,688022,瀚川智能
深圳,688023,安恒信息
深圳,688025,杰普特
深圳,688026,洁特生物
深圳,688027,国盾量子
深圳,688028,沃尔德
深圳,688029,南微医学
深圳,688030,山石网科
深圳,688031,星环科技
深圳,688032,禾迈股份
深圳,688033,天宜上佳
深圳,688035,德邦科技
深圳,688036,传音控股
深圳,688037,芯源微
深圳,688038,中科通达
深圳,688039,当虹科技
深圳,688041,海光信息
深圳,688045,必易微
深圳,688046,药康生物
深圳,688047,龙芯中科
深圳,688048,长光华芯
深圳,688049,炬芯科技
深圳,688050,爱博医疗
深圳,688051,佳华科技
深圳,688052,纳芯微
深圳,688053,思科瑞
深圳,688055,龙腾光电
深圳,688056,莱伯泰科
深圳,688057,金达莱
深圳,688058,宝兰德
深圳,688059,华锐精密
深圳,688060,云涌科技
深圳,688061,灿瑞科技
深圳,688062,迈威生物
深圳,688063,派能科技
深圳,688065,凯赛生物
深圳,688066,航天宏图
深圳,688067,爱威科技
深圳,688068,热景生物
深圳,688069,德林海
深圳,688070,纵横股份
深圳,688071,华依科技
深圳,688072,拓荆科技
深圳,688073,毕得医药
深圳,688075,安旭生物
深圳,688076,诺泰生物
深圳,688077,大地熊
深圳,688078,龙软科技
深圳,688079,美迪凯
深圳,688080,映翰通
深圳,688081,兴图新科
深圳,688082,盛美上海
深圳,688083,中望软件
深圳,688084,晶品特装
深圳,688085,三友医疗
深圳,688087,英科再生
深圳,688088,虹软科技
深圳,688089,嘉必优
深圳,688090,瑞松科技
深圳,688091,上海谊众
深圳,688092,爱科科技
深圳,688093,世华科技
深圳,688095,福昕软件
深圳,688096,京源环保
深圳,688097,博众精工
深圳,688098,申联生物
深圳,688099,晶晨股份
深圳,688100,威胜信息
深圳,688101,三达膜
深圳,688102,斯瑞新材
深圳,688103,国力股份
深圳,688105,诺唯赞
深圳,688106,金宏气体
深圳,688107,安路科技
深圳,688108,赛诺医疗
深圳,688109,品茗科技
深圳,688110,东芯股份
深圳,688111,金山办公
深圳,688112,鼎阳科技
深圳,688113,联测科技
深圳,688114,华大智造
深圳,688115,思林杰
深圳,688116,天奈科技
深圳,688117,圣诺生物
深圳,688118,普元信息
深圳,688119,中钢洛耐
深圳,688120,华海清科
深圳,688121,卓然股份
深圳,688122,西部超导
深圳,688123,聚辰股份
深圳,688125,安达智能
深圳,688126,沪硅产业
深圳,688127,蓝特光学
深圳,688128,中国电研
深圳,688129,东来技术
深圳,688130,晶华微
深圳,688131,皓元医药
深圳,688132,邦彦技术
深圳,688133,泰坦科技
深圳,688135,利扬芯片
深圳,688136,科兴制药
深圳,688137,近岸蛋白
深圳,688138,清溢光电
深圳,688139,海尔生物
深圳,688141,杰华特
深圳,688143,长盈通
深圳,688146,中船特气
深圳,688147,微导纳米
深圳,688148,芳源股份
深圳,688150,莱特光电
深圳,688151,华强科技
深圳,688152,麒麟信安
深圳,688153,唯捷创芯
深圳,688155,先惠技术
深圳,688156,路德环境
深圳,688157,松井股份
深圳,688158,优刻得
深圳,688159,有方科技
深圳,688160,步科股份
深圳,688161,威高骨科
深圳,688162,巨一科技
深圳,688163,赛伦生物
深圳,688165,埃夫特
深圳,688166,博瑞医药
深圳,688167,炬光科技
深圳,688168,安博通
深圳,688169,石头科技
深圳,688170,德龙激光
上海,300542,新晨科技
上海,300543,朗科智能
上海,300545,联得装备
上海,300546,雄帝科技
上海,300547,川环科技
上海,300548,博创科技
上海,300549,优德精密
上海,300550,和仁科技
上海,300551,古鳌科技
上海,300552,万集科技
上海,300553,集智股份
上海,300554,三超新材
上海,300556,丝路视觉
上海,300557,理工光科
上海,300558,贝达药业
上海,300559,佳发教育
上海,300560,中富通
上海,300561,汇金科技
上海,300562,乐心医疗
上海,300563,神宇股份
上海,300564,筑博设计
上海,300565,科信技术
上海,300566,激智科技
上海,300567,精测电子
上海,300568,星源材质
上海,300569,天能重工
上海,300570,太辰光
上海,300571,平治信息
上海,300572,安车检测
上海,300573,兴齐眼药
上海,300575,中旗股份
上海,300576,容大感光
上海,300577,开润股份
上海,300578,会畅通讯
上海,300579,数字认证
上海,300580,贝斯特
上海,300581,晨曦航空
上海,300582,英飞特
上海,300583,赛托生物
上海,300584,海辰药业
上海,300585,奥联电子
上海,300586,美联新材
上海,300587,天铁科技
上海,300588,熙菱信息
上海,300589,江龙船艇
上海,300590,移为通信
上海,300591,万里马
上海,300592,华凯易佰
上海,300593,新雷能
上海,300594,朗进科技
上海,300595,欧普康视
上海,300596,利安隆
上海,300597,吉大通信
上海,300598,诚迈科技
上海,300599,雄塑科技
上海,300601,康泰生物
上海,300602,飞荣达
上海,300603,立昂技术
上海,300604,长川科技
上海,300605,恒锋信息
上海,300606,金太阳
上海,300607,拓斯达
上海,300608,思特奇
上海,300609,汇纳科技
上海,300610,晨化股份
上海,300611,美力科技
上海,300612,宣亚国际
上海,300613,富瀚微
上海,300614,百川畅银
上海,300615,欣天科技
上海,300616,尚品宅配
上海,300617,安靠智电
上海,300618,寒锐钴业
上海,300619,金银河
上海,300620,光库科技
上海,300621,维业股份
上海,300622,博士眼镜
上海,300623,捷捷微电
上海,300624,万兴科技
上海,300625,三雄极光
上海,300626,华瑞股份
上海,300627,华测导航
上海,300628,亿联网络
上海,300629,新劲刚
上海,300631,久吾高科
上海,300632,光莆股份
上海,300633,开立医疗
上海,300634,彩讯股份
上海,300635,中达安
上海,300636,同和药业
上海,300637,扬帆新材
上海,300638,广和通
上海,300639,凯普生物
上海,300640,德艺文创
上海,300641,正丹股份
上海,300642,透景生命
上海,300643,万通智控
上海,300644,南京聚隆
上海,300645,正元智慧
上海,300647,超频三
上海,300648,星云股份
上海,300649,杭州园林
上海,300650,太龙股份
上海,300651,金陵体育
上海,300652,雷迪克
上海,300653,正海生物
上海,300654,世纪天鸿
上海,300655,晶瑞电材
上海,300656,民德电子
上海,300657,弘信电子
上海,300658,延江股份
上海,300659,中孚信息
上海,300660,江苏雷利
上海,300661,圣邦股份
上海,300662,科锐国际
上海,300663,科蓝软件
上海,300664,鹏鹞环保
上海,300665,飞鹿股份
上海,300666,江丰电子
上海,300667,必创科技
上海,300668,杰恩设计
上海,300669,沪宁股份
上海,300670,大烨智能
上海,300671,富满微
上海,300672,国科微
上海,300673,佩蒂股份
上海,300674,宇信科技
上海,300675,建科院
上海,300676,华大基因
上海,300677,英科医疗
上海,300678,中科信息
上海,300679,电连技术
上海,300680,隆盛科技
上海,300681,英搏尔
上海,300682,朗新集团
上海,300683,海特生物
上海,300684,中石科技
上海,300685,艾德生物
上海,300686,智动力
上海,300687,赛意信息
上海,300688,创业黑马
上海,300689,澄天伟业
上海,300690,双一科技
上海,300691,联合光电
上海,300692,中环环保
上海,300693,盛弘股份
上海,300694,蠡湖股份
上海,300695,兆丰股份
上海,300696,爱乐达
上海,300697,电工合金
上海,300698,万马科技
上海,300699,光威复材
上海,300700,岱勒新材
上海,300701,森霸传感
上海,300702,天宇股份
上海,300703,创源股份
上海,300705,九典制药
上海,300706,阿石创
上海,300707,威唐工业
上海,300708,聚灿光电
上海,300709,精研科技
上海,300710,万隆光电
上海,300711,广哈通信
上海,300712,永福股份
上海,300713,英可瑞
上海,300715,凯伦股份
上海,300716,泉为科技
上海,300717,华信新材
上海,300718,长盛轴承
上海,300719,安达维尔
上海,300720,海川智能
上海,300721,怡达股份
上海,300722,新余国科
上海,300723,一品红
上海,300724,捷佳伟创
上海,300725,药石科技
上海,300726,宏达电子
上海,300727,润禾材料
上海,300729,乐歌股份
上海,300730,科创信息
上海,300731,科创新源
上海,300732,设研院
上海,300733,西菱动力
上海,300735,光弘科技
上海,300736,百邦科技
上海,300737,科顺股份
上海,300738,奥飞数据
上海,300739,明阳电路
上海,300740,水羊股份
上海,300741,华宝股份
上海,300743,天地数码
上海,300745,欣锐科技
上海,300746,汉嘉设计
上海,300747,锐科激光
上海,300748,金力永磁
上海,300749,顶固集创
上海,300750,宁德时代
上海,300751,迈为股份
上海,300752,隆利科技
上海,300753,爱朋医疗
上海,300755,华致酒行
上海,300756,金马游乐
上海,300757,罗博特科
上海,300758,七彩化学
上海,300759,康龙化成
上海,300760,迈瑞医疗
上海,300761,立华股份
上海,300762,上海瀚讯
上海,300763,锦浪科技
上海,300765,新诺威
上海,300766,每日互动
上海,300767,震安科技
上海,300768,迪普科技
上海,300769,德方纳米
上海,300770,新媒股份
上海,300771,智莱科技
上海,300772,运达股份
上海,300773,拉卡拉
上海,300774,倍杰特
上海,300775,三角防务
上海,300776,帝尔激光
上海,300777,中简科技
上海,300778,新城市
上海,300779,惠城环保
上海,300780,德恩精工
上海,300781,因赛集团
上海,300782,卓胜微
上海,300783,三只松鼠
上海,300784,利安科技
上海,300785,值得买
上海,300786,国林科技
上海,300787,海能实业
上海,300788,中信出版
上海,300789,唐源电气
上海,300790,宇瞳光学
上海,300791,仙乐健康
上海,300792,壹网壹创
上海,300793,佳禾智能
上海,300795,米奥会展
上海,300796,贝斯美
上海,300797,钢研纳克
上海,300798,锦鸡股份
上海,300800,力合科技
上海,300801,泰和科技
上海,300802,矩子科技
上海,300803,指南针
上海,300804,广康生化
上海,300805,电声股份
上海,300806,斯迪克
上海,300807,天迈科技
上海,300808,久量股份
上海,300809,华辰装备
上海,300810,中科海讯
上海,300811,铂科新材
上海,300812,易天股份
上海,300813,泰林生物
上海,300814,中富电路
上海,300815,玉禾田
上海,300816,艾可蓝
上海,300817,双飞集团
上海,300818,耐普矿机
上海,300819,聚杰微纤
上海,300820,英杰电气
上海,300821,东岳硅材
上海,300822,贝仕达克
上海,300823,建科智能
上海,300824,北鼎股份
上海,300825,阿尔特
上海,300826,测绘股份
上海,300827,上能电气
上海,300828,锐新科技
上海,300829,金丹科技
上海,300830,金现代
上海,300831,派瑞股份
上海,300832,新产业
上海,300833,浩洋股份
上海,300834,星辉环材
上海,300835,龙磁科技
上海,300836,佰奥智能
上海,300837,浙矿股份
上海,300838,浙江力诺
上海,300839,博汇股份
上海,300840,酷特智能
上海,300841,康华生物
上海,300842,帝科股份
上海,300843,胜蓝股份
上海,300844,山水比德
上海,300845,捷安高科
上海,300846,首都在线
上海,300847,中船汉光
上海,300848,美瑞新材
上海,300849,锦盛新材
上海,300850,新强联
上海,300851,交大思诺
上海,300852,四会富仕
上海,300853,申昊科技
上海,300854,中兰环保
上海,300855,图南股份
上海,300856,科思股份
上海,300857,协创数据
上海,300858,科拓生物
上海,300859,西域旅游
上海,300860,锋尚文化
上海,300861,美畅股份
上海,300862,蓝盾光电
上海,300863,卡倍亿
上海,300864,南大环境
上海,300865,大宏立
上海,300866,安克创新
上海,300867,圣元环保
上海,300868,杰美特
上海,300869,康泰医学
上海,300870,欧陆通
上海,300871,回盛生物
上海,300872,天阳科技
上海,300873,海晨股份
上海,300875,捷强装备
上海,300876,蒙泰高新
上海,300877,金春股份
上海,300878,维康药业
上海,300879,大叶股份
上海,300880,迦南智能
上海,300881,盛德鑫泰
上海,300882,万胜智能
上海,300883,龙利得
上海,300884,狄耐克
上海,300885,海昌新材
上海,300886,华业香料
上海,300887,谱尼测试
上海,300888,稳健医疗
上海,300889,爱克股份
上海,300890,翔丰华
上海,300891,惠云钛业
上海,300892,品渥食品
上海,300893,松原安全
上海,300894,火星人
上海,300895,铜牛信息
上海,300896,爱美客
上海,300897,山科智能
上海,300898,熊猫乳品
上海,300899,上海凯鑫
上海,300900,广联航空
上海,300901,中胤时尚
上海,300902,国安达
上海,300903,科翔股份
上海,300904,威力传动
上海,300905,宝丽迪
上海,300906,日月明
上海,300907,康平科技
上海,300908,仲景食品
上海,300909,汇创达
上海,300910,瑞丰新材
上海,300911,亿田智能
上海,300912,凯龙高科
上海,300913,兆龙互连
上海,300915,海融科技
上海,300916,朗特智能
上海,300917,特发服务
上海,300918,南山智尚
上海,300919,中伟股份
上海,300920,润阳科技
上海,300921,南凌科技
上海,300922,天秦装备
上海,300923,研奥股份
上海,300925,法本信息
上海,300926,博俊科技
上海,300927,江天化学
上海,300928,华安鑫创
上海,300929,华骐环保
上海,300930,屹通新材
上海,300931,通用电梯
上海,300932,三友联众
上海,300933,中辰股份
上海,300935,盈建科
上海,300936,中英科技
上海,300937,药易购
上海,300938,信测标准
上海,300939,秋田微
上海,300940,南极光
上海,300941,创识科技
上海,300942,易瑞生物
上海,300943,春晖智控
上海,300945,曼卡龙
上海,300946,恒而达
上海,300947,德必集团
上海,300948,冠中生态
上海,300949,奥雅股份
上海,300950,德固特
上海,300951,博硕科技
上海,300952,恒辉安防
上海,300953,震裕科技
上海,300955,嘉亨家化
上海,300956,英力股份
上海,300957,贝泰妮
上海,300958,建工修复
上海,300959,线上线下
上海,300960,通业科技
上海,300961,深水海纳
上海,300962,中金辐照
上海,300963,中洲特材
上海,300964,本川智能
上海,300966,共同药业
上海,300967,晓鸣股份
上海,300968,格林精密
上海,300969,恒帅股份
上海,300970,华绿生物
上海,300971,博亚精工
上海,300972,万辰集团
上海,300973,立高食品
上海,300975,商络电子
上海,300976,达瑞电子
上海,300977,深圳瑞捷
上海,300978,东箭科技
上海,300979,华利集团
上海,300980,祥源新材
上海,300981,中红医疗
上海,300982,苏文电能
上海,300983,尤安设计
上海,300984,金沃股份
上海,300985,致远新能
上海,300986,志特新材
上海,300987,川网传媒
上海,300988,津荣天宇
上海,300989,蕾奥规划
上海,300990,同飞股份
上海,300991,创益通
上海,300992,泰福泵业
上海,300993,玉马科技
上海,300994,久祺股份
上海,300995,奇德新材
上海,300996,普联软件
上海,300997,欢乐家
上海,300998,宁波方正
上海,300999,金龙鱼
上海,301000,肇民科技
上海,301001,凯淳股份
上海,301002,崧盛股份
上海,301003,江苏博云
上海,301004,嘉益股份
上海,301005,超捷股份
上海,301006,迈拓股份
上海,301007,德迈仕
上海,301008,宏昌科技
上海,301009,可靠股份
上海,301010,晶雪节能
上海,301011,华立科技
上海,301012,扬电科技
上海,301013,利和兴
上海,301015,百洋医药
上海,301016,雷尔伟
上海,301017,漱玉平民
上海,301018,申菱环境
上海,301019,宁波色母
上海,301020,密封科技
上海,301021,英诺激光
上海,301022,海泰科
上海,301023,江南奕帆
上海,301024,霍普股份
上海,301025,读客文化
上海,301026,浩通科技
上海,301027,华蓝集团
上海,301028,东亚机械
上海,301029,怡合达
上海,301030,仕净科技
上海,301031,中熔电气
上海,301032,新柴股份
上海,301033,迈普医学
上海,301035,润丰股份
上海,301036,双乐股份
上海,301037,保立佳
上海,301038,深水规院
上海,301039,中集车辆
上海,301040,中环海陆
上海,301041,金百泽
上海,301042,安联锐视
上海,301043,绿岛风
上海,301045,天禄科技
上海,301046,能辉科技
上海,301047,义翘神州
上海,301048,金鹰重工
上海,301049,超越科技
上海,301050,雷电微力
上海,301051,信濠光电
上海,301052,果麦文化
上海,301053,远信工业
上海,301055,张小泉
上海,301056,森赫股份
上海,301057,汇隆新材
上海,301058,中粮科工
上海,301059,金三江
上海,301060,兰卫医学
上海,301061,匠心家居
上海,301062,上海艾录
上海,301063,海锅股份
上海,301065,本立科技
上海,301066,万事利
上海,301067,显盈科技
上海,301068,大地海洋
上海,301069,凯盛新材
上海,301070,开勒股份
上海,301071,力量钻石
上海,301072,中捷精工
上海,301073,君亭酒店
上海,301075,多瑞医药
上海,301076,新瀚新材
上海,301077,星华新材
上海,301078,孩子王
上海,301079,邵阳液压
上海,301080,百普赛斯
上海,301081,严牌股份
上海,301082,久盛电气
上海,301083,百胜智能
上海,301085,亚康股份
上海,301086,鸿富瀚
上海,301087,可孚医疗
上海,301088,戎美股份
上海,301089,拓新药业
上海,301090,华润材料
上海,301091,深城交
上海,301092,争光股份
上海,301093,华兰股份
上海,301095,广立微
上海,301096,百诚医药
上海,301097,天益医疗
上海,301098,金埔园林
上海,301099,雅创电子
上海,301100,风光股份
上海,301101,明月镜片
上海,301102,兆讯传媒
上海,301103,何氏眼科
上海,301105,鸿铭股份
上海,301106,骏成科技
上海,301107,瑜欣电子
上海,301108,洁雅股份
上海,301109,军信股份
上海,301110,青木科技
上海,301111,粤万年青
上海,301112,信邦智能
上海,301113,雅艺科技
上海,301115,建科股份
上海,301116,益客食品
上海,301117,佳缘科技
上海,301118,恒光股份
上海,301119,正强股份
上海,301120,新特电气
上海,301121,紫建电子
上海,301122,采纳股份
上海,301123,奕东电子
上海,301125,腾亚精工
上海,301126,达嘉维康
上海,301127,天源环保
上海,301128,强瑞技术
上海,301129,瑞纳智能
上海,301130,西点药业
上海,301131,聚赛龙
上海,301132,满坤科技
上海,301133,金钟股份
上海,301135,瑞德智能
上海,301136,招标股份
上海,301137,哈焊华通
上海,301138,华研精机
上海,301139,元道通信
上海,301141,中科磁业
上海,301148,嘉戎技术
上海,301149,隆华新材
上海,301150,中一科技
上海,301151,冠龙节能
上海,301152,天力锂能
上海,301153,中科江南
上海,301155,海力风电
上海,301156,美农生物
上海,301157,华塑科技
上海,301158,德石股份
上海,301159,三维天地
上海,301160,翔楼新材
上海,301161,唯万密封
上海,301162,国能日新
上海,301163,宏德股份
上海,301165,锐捷网络
上海,301166,优宁维
上海,301167,建研设计
上海,301168,通灵股份
上海,301169,零点有数
上海,301170,锡南科技
上海,301171,易点天下
上海,301172,君逸数码
上海,301173,毓恬冠佳
上海,301175,中科环保
上海,301176,逸豪新材
上海,301177,迪阿股份
上海,301178,天亿马
上海,301179,泽宇智能
上海,301180,万祥科技
上海,301181,标榜股份
上海,301182,凯旺科技
上海,301183,东田微
上海,301185,鸥玛软件
上海,301186,超达装备
上海,301187,欧圣电气
上海,301188,力诺药包
上海,301189,奥尼电子
上海,301190,善水科技
上海,301191,菲菱科思
上海,301192,泰祥股份
上海,301193,家联科技
上海,301195,北路智控
上海,301196,唯科科技
上海,301197,工大科雅
上海,301198,喜悦智行
上海,301199,迈赫股份
上海,301200,大族数控
上海,301201,诚达药业
上海,301202,朗威股份
上海,301203,国泰环保
上海,301205,联特科技
上海,301206,三元生物
上海,301207,华兰疫苗
上海,301208,中亦科技
上海,301209,联合化学
上海,301210,金杨股份
上海,301211,亨迪药业
上海,301212,联盛化学
上海,301213,观想科技
上海,301215,中汽股份
上海,301216,万凯新材
上海,301217,铜冠铜箔
上海,301218,华是科技
上海,301219,腾远钴业
上海,301220,亚香股份
上海,301221,光庭信息
上海,301222,浙江恒威
上海,301223,中荣股份
上海,301225,恒勃股份
上海,301226,祥明智能
上海,301227,森鹰窗业
上海,301228,实朴检测
上海,301229,纽泰格
上海,301230,泓博医药
上海,301231,荣信文化
上海,301232,飞沃科技
上海,301233,盛帮股份
上海,301234,五洲医疗
上海,301235,华康洁净
上海,301236,软通动力
上海,301237,和顺科技
上海,301238,瑞泰新材
上海,301239,普瑞眼科
上海,301246,宏源药业
上海,301248,杰创智能
上海,301251,威尔高
上海,301252,同星科技
上海,301255,通力科技
上海,301256,华融化学
上海,301257,普蕊斯
上海,301258,富士莱
上海,301259,艾布鲁
上海,301260,格力博
上海,301261,恒工精密
上海,301262,海看股份
上海,301263,泰恩康
上海,301265,华新环保
上海,301266,宇邦新材
上海,301267,华厦眼科
上海,301268,铭利达
上海,301269,华大九天
上海,301270,汉仪股份
上海,301272,英华特
上海,301273,瑞晨环保
上海,301275,汉朔科技
上海,301276,嘉曼服饰
上海,301277,新天地
上海,301278,快可电子
上海,301279,金道科技
上海,301280,珠城科技
上海,301281,科源制药
上海,301282,金禄电子
上海,301283,聚胶股份
上海,301285,鸿日达
上海,301286,侨源股份
上海,301287,康力源
上海,301288,清研环境
上海,301289,国缆检测
上海,301290,东星医疗
上海,301291,明阳电气
上海,301292,海科新源
上海,301293,三博脑科
上海,301295,美硕科技
上海,301296,新巨丰
上海,301297,富乐德
上海,301298,东利机械
上海,301299,卓创资讯
上海,301300,远翔新材
上海,301301,川宁生物
上海,301302,华如科技
上海,301303,真兰仪表
上海,301305,朗坤环境
上海,301306,西测测试
上海,301307,美利信
上海,301308,江波龙
上海,301309,万得凯
上海,301310,鑫宏业
上海,301311,昆船智能
上海,301312,智立方
上海,301313,凡拓数创
上海,301314,科瑞思
上海,301315,威士顿
上海,301316,慧博云通
上海,301317,鑫磊股份
上海,301318,维海德
上海,301319,唯特偶
上海,301320,豪江智能
上海,301321,翰博高新
上海,301322,绿通科技
上海,301323,新莱福
上海,301325,曼恩斯特
上海,301326,捷邦科技
上海,301327,华宝新能
上海,301328,维峰电子
上海,301329,信音电子
上海,301330,熵基科技
上海,301331,恩威医药
上海,301332,德尔玛
上海,301333,诺思格
上海,301335,天元宠物
上海,301336,趣睡科技
上海,301337,亚华电子
上海,301338,凯格精机
上海,301339,通行宝
上海,301345,涛涛车业
上海,301348,蓝箭电子
上海,301349,信德新材
上海,301353,普莱得
上海,301355,南王科技
上海,301356,天振股份
上海,301357,北方长龙
上海,301358,湖南裕能
上海,301359,东南电子
上海,301360,荣旗科技
上海,301361,众智科技
上海,301362,民爆光电
上海,301363,美好医疗
上海,301365,矩阵股份
上海,301366,一博科技
上海,301367,怡和嘉业
上海,301368,丰立智能
上海,301369,联动科技
上海,301370,国科恒泰
上海,301371,敷尔佳
上海,301372,科净源
上海,301373,凌玮科技
上海,301376,致欧科技
上海,301377,鼎泰高科
上海,301378,通达海
上海,301379,天山电子
上海,301380,挖金客
上海,301381,赛维时代
上海,301382,蜂助手
上海,301383,天键股份
上海,301386,未来电器
上海,301387,光大同创
上海,301388,欣灵电气
上海,301389,隆扬电子
上海,301390,经纬股份
上海,301391,卡莱特
上海,301392,汇成真空
上海,301393,昊帆生物
上海,301395,仁信新材
上海,301396,宏景科技
上海,301397,溯联股份
上海,301398,星源卓镁
上海,301399,英特科技
上海,301408,华人健康
上海,301413,安培龙
上海,301418,协昌科技
上海,301419,阿莱德
上海,301421,波长光电
上海,301428,世纪恒通
上海,301429,森泰股份
上海,301439,泓淋电力
上海,301446,福事特
上海,301448,开创电气
上海,301456,盘古智能
上海,301458,钧崴电子
上海,301459,丰茂股份
上海,301468,博盈特焊
上海,301469,恒达新材
上海,301479,弘景光电
上海,301486,致尚科技
上海,301487,盟固利
上海,301488,豪恩汽电
上海,301489,思泉新材
上海,301498,乖宝宠物
上海,301499,维科精密
上海,301500,飞南资源
上海,301501,恒鑫生活
上海,301502,华阳智能
上海,301503,智迪科技
上海,301505,苏州规划
上海,301507,民生健康
上海,301508,中机认检
上海,301509,金凯生科
上海,301510,固高科技
上海,301511,德福科技
上海,301512,智信精密
上海,301515,港通医疗
上海,301516,中远通
上海,301517,陕西华达
上海,301518,长华化学
上海,301519,舜禹股份
上海,301520,万邦医药
上海,301522,上大股份
上海,301525,儒竞科技
上海,301526,国际复材
上海,301528,多浦乐
上海,301529,福赛科技
上海,301533,威马农机
上海,301535,浙江华远
上海,301536,星宸科技
上海,301538,骏鼎达
上海,301539,宏鑫科技
上海,301548,崇德科技
上海,301550,斯菱股份
上海,301551,无线传媒
上海,301552,科力装备
上海,301555,惠柏新材
上海,301556,托普云农
上海,301557,常友科技
上海,301558,三态股份
上海,301559,中集环科
上海,301565,中仑新材
上海,301566,达利凯普
上海,301567,贝隆精密
上海,301568,思泰克
上海,301571,国科天成
上海,301577,美信科技
上海,301578,辰奕智能
上海,301580,爱迪特
上海,301581,黄山谷捷
上海,301585,蓝宇股份
上海,301586,佳力奇
上海,301587,中瑞股份
上海,301588,美新科技
上海,301589,诺瓦星云
上海,301591,肯特股份
上海,301592,六九一二
上海,301596,瑞迪智驱
上海,301598,博科测试
上海,301600,慧翰股份
上海,301601,惠通科技
上海,301602,超研股份
上海,301603,乔锋智能
上海,301606,绿联科技
上海,301607,富特科技
上海,301608,博实结
上海,301611,珂玛科技
上海,301613,新铝时代
上海,301616,浙江华业
上海,301617,博苑股份
上海,301618,长联科技
上海,301622,英思特
上海,301626,苏州天脉
上海,301628,强达电路
上海,301629,矽电股份
上海,301631,壹连科技
上海,301633,港迪技术
上海,301658,首航新能
上海,301662,C宏工
上海,301665,泰禾股份
上海,002120,韵达股份
上海,002121,科陆电子
上海,002122,汇洲智能
上海,002123,梦网科技
上海,002125,湘潭电化
上海,002126,银轮股份
上海,002127,南极电商
上海,002128,电投能源
上海,002129,TCL中环
上海,002130,沃尔核材
上海,002131,利欧股份
上海,002132,恒星科技
上海,002133,广宇集团
上海,002134,天津普林
上海,002135,东南网架
上海,002136,安 纳 达
上海,002137,实益达
上海,002138,顺络电子
上海,002139,拓邦股份
上海,002140,东华科技
上海,002142,宁波银行
上海,002144,宏达高科
上海,002145,中核钛白
上海,002146,荣盛发展
上海,002148,北纬科技
上海,002149,西部材料
上海,002150,通润装备
上海,002151,北斗星通
上海,002152,广电运通
上海,002153,石基信息
上海,002154,报 喜 鸟
上海,002155,湖南黄金
上海,002156,通富微电
上海,002157,正邦科技
上海,002158,汉钟精机
上海,002159,三特索道
上海,002160,常铝股份
上海,002161,远 望 谷
上海,002162,悦心健康
上海,002163,海南发展
上海,002164,宁波东力
上海,002165,红 宝 丽
上海,002166,莱茵生物
上海,002167,东方锆业
上海,002169,智光电气
上海,002170,芭田股份
上海,002171,楚江新材
上海,002172,澳洋健康
上海,002173,创新医疗
上海,002174,游族网络
上海,002175,东方智造
上海,002176,江特电机
上海,002177,御银股份
上海,002178,延华智能
上海,002179,中航光电
上海,002180,纳思达
上海,002181,粤 传 媒
上海,002182,宝武镁业
上海,002183,怡 亚 通
上海,002184,海得控制
上海,002185,华天科技
上海,002186,全 聚 德
上海,002187,广百股份
上海,002188,中天服务
上海,002189,中光学
上海,002190,成飞集成
上海,002191,劲嘉股份
上海,002192,融捷股份
上海,002193,如意集团
上海,002194,武汉凡谷
上海,002195,岩山科技
上海,002196,方正电机
上海,002198,嘉应制药
上海,002201,九鼎新材
上海,002202,金风科技
上海,002203,海亮股份
上海,002204,大连重工
上海,002205,国统股份
上海,002206,海 利 得
上海,002207,准油股份
上海,002208,合肥城建
上海,002209,达 意 隆
上海,002210,飞马国际
上海,002211,宏达新材
上海,002212,天融信
上海,002213,大为股份
上海,002214,大立科技
上海,002215,诺 普 信
上海,002216,三全食品
上海,002218,拓日新能
上海,002219,新里程
上海,002221,东华能源
上海,002222,福晶科技
上海,002223,鱼跃医疗
上海,002224,三 力 士
上海,002225,濮耐股份
上海,002226,江南化工
上海,002227,奥 特 迅
上海,002228,合兴包装
上海,002229,鸿博股份
上海,002230,科大讯飞
上海,002231,奥维通信
上海,002232,启明信息
上海,002233,塔牌集团
上海,002234,民和股份
上海,002235,安妮股份
上海,002236,大华股份
上海,002237,恒邦股份
上海,002238,天威视讯
上海,002239,奥特佳
上海,002240,盛新锂能
上海,002241,歌尔股份
上海,002242,九阳股份
上海,002243,力合科创
上海,002244,滨江集团
上海,002245,蔚蓝锂芯
上海,002246,北化股份
上海,002247,聚力文化
上海,002248,华东数控
上海,002249,大洋电机
上海,002250,联化科技
上海,002252,上海莱士
上海,002253,川大智胜
上海,002254,泰和新材
上海,002255,海陆重工
上海,002256,兆新股份
上海,002258,利尔化学
上海,002261,拓维信息
上海,002262,恩华药业
上海,002263,大东南
上海,002264,新 华 都
上海,002265,建设工业
上海,002266,浙富控股
上海,002267,陕天然气
上海,002268,电科网安
上海,002269,美邦服饰
上海,002270,华明装备
上海,002271,东方雨虹
上海,002272,川润股份
上海,002273,水晶光电
上海,002274,华昌化工
上海,002275,桂林三金
上海,002276,万马股份
上海,002277,友阿股份
上海,002278,神开股份
上海,002279,久其软件
上海,002281,光迅科技
上海,002282,博深股份
上海,002283,天润工业
上海,002284,亚太股份
上海,002285,世联行
上海,002286,保龄宝
上海,002287,奇正藏药
上海,002290,禾盛新材
上海,002291,遥望科技
上海,002292,奥飞娱乐
上海,002293,罗莱生活
上海,002294,信立泰
上海,002295,精艺股份
上海,002296,辉煌科技
上海,002297,博云新材
上海,002298,中电鑫龙
上海,002299,圣农发展
上海,002300,太阳电缆
上海,002301,齐心集团
上海,002302,西部建设
上海,002303,美盈森
上海,002304,洋河股份
上海,002305,南国置业
上海,002307,北新路桥
上海,002311,海大集团
上海,002312,川发龙蟒
上海,002313,日海智能
上海,002314,南山控股
上海,002315,焦点科技
上海,002317,众生药业
上海,002318,久立特材
上海,002319,乐通股份
上海,002320,海峡股份
上海,002321,华英农业
上海,002322,理工能科
上海,002323,雅博股份
上海,002324,普利特
上海,002326,永太科技
上海,002327,富安娜
上海,002328,新朋股份
上海,002329,皇氏集团
上海,002330,得利斯
上海,002331,皖通科技
上海,002332,仙琚制药
上海,002333,罗普斯金
上海,002334,英威腾
上海,002335,科华数据
上海,002337,赛象科技
上海,002338,奥普光电
上海,002339,积成电子
上海,002340,格林美
上海,002342,巨力索具
上海,002343,慈文传媒
上海,002344,海宁皮城
上海,002345,潮宏基
上海,002346,柘中股份
上海,002347,泰尔股份
上海,002348,高乐股份
上海,002349,精华制药
上海,002350,北京科锐
上海,002351,漫步者
上海,002352,顺丰控股
上海,002353,杰瑞股份
上海,002354,天娱数科
上海,002355,兴民智通
上海,002356,赫美集团
上海,002357,富临运业
上海,002358,森源电气
上海,002360,同德化工
上海,002361,神剑股份
上海,002362,汉王科技
上海,002363,隆基机械
上海,002364,中恒电气
上海,002365,永安药业
上海,002366,融发核电
上海,002367,康力电梯
上海,002368,太极股份
上海,002369,卓翼科技
上海,002370,亚太药业
上海,002371,北方华创
上海,002372,伟星新材
上海,002373,千方科技
上海,002374,中锐股份
上海,002375,亚厦股份
上海,002376,新北洋
上海,002377,国创高新
上海,002378,章源钨业
上海,002379,宏创控股
上海,002380,科远智慧
上海,002381,双箭股份
上海,002382,蓝帆医疗
上海,002383,合众思壮
上海,002384,东山精密
上海,002385,大北农
上海,002386,天原股份
上海,002387,维信诺
上海,002389,航天彩虹
上海,002390,信邦制药
上海,002391,长青股份
上海,002392,北京利尔
上海,002393,力生制药
上海,002394,联发股份
上海,002395,双象股份
上海,002396,星网锐捷
上海,002397,梦洁股份
上海,002398,垒知集团
上海,002399,海普瑞
上海,002400,省广集团
上海,002401,中远海科
上海,002402,和而泰
上海,002403,爱仕达
上海,002404,嘉欣丝绸
上海,002405,四维图新
上海,002406,远东传动
上海,002407,多氟多
上海,002408,齐翔腾达
上海,002409,雅克科技
上海,002410,广联达
上海,002412,汉森制药
上海,002413,雷科防务
上海,002414,高德红外
上海,002415,海康威视
上海,002416,爱施德
上海,002418,康盛股份
上海,002419,天虹股份
上海,002420,毅昌科技
上海,002421,达实智能
上海,002422,科伦药业
上海,002423,中粮资本
上海,002426,胜利精密
上海,002427,尤夫股份
上海,002428,云南锗业
上海,002429,兆驰股份
上海,002430,杭氧股份
上海,002431,棕榈股份
上海,002432,九安医疗
上海,002434,万里扬
上海,002436,兴森科技
上海,002437,誉衡药业
上海,002438,江苏神通
上海,002439,启明星辰
上海,002440,闰土股份
上海,002441,众业达
上海,002442,龙星科技
上海,002443,金洲管道
上海,002444,巨星科技
上海,002445,中南文化
上海,002446,盛路通信
上海,002448,中原内配
上海,002449,国星光电
上海,002451,摩恩电气
上海,002452,长高电新
上海,002453,华软科技
上海,002454,松芝股份
上海,002455,百川股份
上海,002456,欧菲光
上海,002457,青龙管业
上海,002458,益生股份
上海,002459,晶澳科技
上海,002460,赣锋锂业
上海,002461,珠江啤酒
上海,002462,嘉事堂
上海,002463,沪电股份
上海,002465,海格通信
上海,002466,天齐锂业
上海,002467,二六三
上海,002468,申通快递
上海,002469,三维化学
上海,002470,金正大
上海,002471,中超控股
上海,002472,双环传动
上海,002474,榕基软件
上海,002475,立讯精密
上海,002476,宝莫股份
上海,002478,常宝股份
上海,002479,富春环保
上海,002480,新筑股份
上海,002481,双塔食品
上海,002482,广田集团
上海,002483,润邦股份
上海,002484,江海股份
上海,002486,嘉麟杰
上海,002487,大金重工
上海,002488,金固股份
上海,002489,浙江永强
上海,002491,通鼎互联
上海,002492,恒基达鑫
上海,002493,荣盛石化
上海,002494,华斯股份
上海,002495,佳隆股份
上海,002496,辉丰股份
上海,002497,雅化集团
上海,002498,汉缆股份
上海,002500,山西证券
上海,002501,利源股份
上海,002506,协鑫集成
上海,002507,涪陵榨菜
上海,002508,老板电器
上海,002510,天汽模
上海,002511,中顺洁柔
上海,002512,达华智能
上海,002513,蓝丰生化
上海,002514,宝馨科技
上海,002515,金字火腿
上海,002516,旷达科技
上海,002517,恺英网络
上海,002518,科士达
上海,002519,银河电子
上海,002520,日发精机
上海,002521,齐峰新材
上海,002522,浙江众成
上海,002523,天桥起重
上海,002524,光正眼科
上海,002526,山东矿机
上海,002527,新时达
上海,002529,海源复材
上海,002530,金财互联
上海,002531,天顺风能
上海,002532,天山铝业
上海,002533,金杯电工
上海,002534,西子洁能
上海,002535,林州重机
上海,002536,飞龙股份
上海,002537,海联金汇
上海,002538,司尔特
上海,002539,云图控股
上海,002540,亚太科技
上海,002541,鸿路钢构
上海,002542,中化岩土
上海,002543,万和电气
上海,002544,普天科技
上海,002545,东方铁塔
上海,002546,新联电子
上海,002547,春兴精工
上海,002548,金新农
上海,002549,凯美特气
上海,002550,千红制药
上海,002551,尚荣医疗
上海,002552,宝鼎科技
上海,002553,南方精工
上海,002554,惠博普
上海,002555,三七互娱
上海,002556,辉隆股份
上海,002557,洽洽食品
上海,002558,巨人网络
上海,002559,亚威股份
上海,002560,通达股份
上海,002561,徐家汇
上海,002562,兄弟科技
上海,002563,森马服饰
上海,002564,天沃科技
上海,002565,顺灏股份
上海,002566,益盛药业
上海,002567,唐人神
上海,002568,百润股份
上海,002570,贝因美
上海,002571,德力股份
上海,002572,索菲亚
上海,002573,清新环境
上海,002574,明牌珠宝
上海,002575,群兴玩具
上海,002576,通达动力
上海,002577,雷柏科技
上海,002578,闽发铝业
上海,002579,中京电子
上海,002580,圣阳股份
上海,002581,未名医药
上海,002582,好想你
上海,002583,海能达
上海,002584,西陇科学
上海,002585,双星新材
上海,002587,奥拓电子
上海,002588,史丹利
上海,002589,瑞康医药
上海,002590,万安科技
上海,002591,恒大高新
上海,002593,日上集团
上海,002594,比亚迪
上海,002595,豪迈科技
上海,002596,海南瑞泽
上海,002597,金禾实业
上海,002598,山东章鼓
上海,002599,盛通股份
上海,002600,领益智造
上海,002601,龙佰集团
上海,002603,以岭药业
上海,002605,姚记科技
上海,002606,大连电瓷
上海,002607,中公教育
上海,002608,江苏国信
上海,002609,捷顺科技
上海,002611,东方精工
上海,002612,朗姿股份
上海,002613,北玻股份
上海,002614,奥佳华
上海,002615,哈尔斯
上海,002616,长青集团
上海,002617,露笑科技
上海,002620,瑞和股份
上海,002622,皓宸医疗
上海,002623,亚玛顿
上海,002624,完美世界
上海,002625,光启技术
上海,002626,金达威
上海,002627,三峡旅游
上海,002628,成都路桥
上海,002629,仁智股份
上海,002630,华西能源
上海,002631,德尔未来
上海,002632,道明光学
上海,002633,申科股份
上海,002634,棒杰股份
上海,002635,安洁科技
上海,002636,金安国纪
上海,002637,赞宇科技
上海,002638,勤上股份
上海,002639,雪人股份
上海,002640,跨境通
上海,002641,公元股份
上海,002642,荣联科技
上海,002643,万润股份
上海,002644,佛慈制药
上海,002645,华宏科技
上海,002646,天佑德酒
上海,002648,卫星化学
上海,002649,博彦科技
上海,002651,利君股份
上海,002652,扬子新材
上海,002653,海思科
上海,002654,万润科技
上海,002655,共达电声
上海,002657,中科金财
上海,002658,雪迪龙
上海,002659,凯文教育
上海,002660,茂硕电源
上海,002661,克明食品
上海,002662,京威股份
上海,002663,普邦股份
上海,002664,信质集团
上海,002666,德联集团
上海,002667,威领股份
上海,002668,TCL智家
上海,002669,康达新材
上海,002670,国盛金控
上海,002671,龙泉股份
上海,002672,东江环保
上海,002673,西部证券
上海,002674,兴业科技
上海,002675,东诚药业
上海,002676,顺威股份
上海,002677,浙江美大
上海,002678,珠江钢琴
上海,002679,福建金森
上海,002681,奋达科技
上海,002682,龙洲股份
上海,002683,广东宏大
上海,002685,华东重机
上海,002686,亿利达
上海,002687,乔治白
上海,002688,金河生物
上海,002689,远大智能
上海,002690,美亚光电
上海,002691,冀凯股份
上海,002692,远程股份
上海,002693,双成药业
上海,002694,顾地科技
上海,002695,煌上煌
上海,002696,百洋股份
上海,002697,红旗连锁
上海,002698,博实股份
上海,002700,新疆浩源
上海,002701,奥瑞金
上海,002702,海欣食品
上海,002703,浙江世宝
上海,002705,新宝股份
上海,002706,良信股份
上海,002707,众信旅游
上海,002708,光洋股份
上海,002709,天赐材料
上海,002712,思美传媒
上海,002713,东易日盛
上海,002714,牧原股份
上海,002715,登云股份
上海,002716,湖南白银
上海,002717,岭南股份
上海,002718,友邦吊顶
上海,002719,麦趣尔
上海,002722,物产金轮
上海,002723,小崧股份
上海,002724,海洋王
上海,002725,跃岭股份
上海,002726,龙大美食
上海,002727,一心堂
上海,002728,特一药业
上海,002729,好利科技
上海,002730,电光科技
上海,002731,萃华珠宝
上海,002732,燕塘乳业
上海,002733,雄韬股份
上海,002734,利民股份
上海,002735,王子新材
上海,002736,国信证券
上海,002737,葵花药业
上海,002738,中矿资源
上海,002739,万达电影
上海,002741,光华科技
上海,002743,富煌钢构
上海,002745,木林森
上海,002746,仙坛股份
上海,002747,埃斯顿
上海,002749,国光股份
上海,002752,昇兴股份
上海,002753,永东股份
上海,002755,奥赛康
上海,002756,永兴材料
上海,002757,南兴股份
上海,002758,浙农股份
上海,002759,天际股份
上海,002760,凤形股份
上海,002761,浙江建投
上海,002762,金发拉比
上海,002763,汇洁股份
上海,002765,蓝黛科技
上海,002766,索菱股份
上海,002767,先锋电子
上海,002768,国恩股份
上海,002769,普路通
上海,002771,真视通
上海,002772,众兴菌业
上海,002773,康弘药业
上海,002774,快意电梯
上海,002775,文科股份
上海,002777,久远银海
上海,002778,中晟高科
上海,002779,中坚科技
上海,002780,三夫户外
上海,002782,可立克
上海,002783,凯龙股份
上海,002785,万里石
上海,002786,银宝山新
上海,002787,华源控股
上海,002788,鹭燕医药
上海,002789,建艺集团
上海,002790,瑞尔特
上海,002791,坚朗五金
上海,002792,通宇通讯
上海,002793,罗欣药业
上海,002795,永和智控
上海,002796,世嘉科技
上海,002797,第一创业
上海,002798,帝欧家居
上海,002799,环球印务
上海,002800,天顺股份
上海,002801,微光股份
上海,002802,洪汇新材
上海,002803,吉宏股份
上海,002805,丰元股份
上海,002806,华锋股份
上海,002807,江阴银行
上海,002809,红墙股份
上海,002810,山东赫达
上海,002811,郑中设计
上海,002812,恩捷股份
上海,002813,路畅科技
上海,002815,崇达技术
上海,002816,和科达
上海,002817,黄山胶囊
上海,002818,富森美
上海,002819,东方中科
上海,002820,桂发祥
上海,002821,凯莱英
上海,002823,凯中精密
上海,002824,和胜股份
上海,002825,纳尔股份
上海,002826,易明医药
上海,002827,高争民爆
上海,002828,贝肯能源
上海,002829,星网宇达
上海,002830,名雕股份
上海,002831,裕同科技
上海,002832,比音勒芬
上海,002833,弘亚数控
上海,002835,同为股份
上海,002836,新宏泽
上海,002837,英维克
上海,002838,道恩股份
上海,002839,张家港行
上海,002840,华统股份
上海,002841,视源股份
上海,002842,翔鹭钨业
上海,002843,泰嘉股份
上海,002845,同兴达
上海,002846,英联股份
上海,002847,盐津铺子
上海,002848,高斯贝尔
上海,002849,威星智能
上海,002850,科达利
上海,002851,麦格米特
上海,002852,道道全
上海,002853,皮阿诺
上海,002855,捷荣技术
上海,002856,美芝股份
上海,002857,三晖电气
上海,002858,力盛体育
上海,002859,洁美科技
上海,002860,星帅尔
上海,002861,瀛通通讯
上海,002862,实丰文化
上海,002863,今飞凯达
上海,002864,盘龙药业
上海,002865,钧达股份
上海,002866,传艺科技
上海,002867,周大生
上海,002868,绿康生化
上海,002869,金溢科技
上海,002870,香山股份
上海,002871,伟隆股份
上海,002873,新天药业
上海,002875,安奈儿
上海,002876,三利谱
上海,002877,智能自控
上海,002878,元隆雅图
上海,002879,长缆科技
上海,002880,卫光生物
上海,002881,美格智能
上海,002882,金龙羽
上海,002883,中设股份
上海,002884,凌霄泵业
上海,002885,京泉华
上海,002886,沃特股份
上海,002887,绿茵生态
上海,002888,惠威科技
上海,002889,东方嘉盛
上海,002890,弘宇股份
上海,002891,中宠股份
上海,002892,科力尔
上海,002893,京能热力
上海,002895,川恒股份
上海,002896,中大力德
上海,002897,意华股份
上海,002898,赛隆药业
上海,002899,英派斯
上海,002900,哈三联
上海,002901,大博医疗
上海,002902,铭普光磁
上海,002903,宇环数控
上海,002905,金逸影视
上海,002906,华阳集团
上海,002907,华森制药
上海,002908,德生科技
上海,002909,集泰股份
上海,002910,庄园牧场
上海,002911,佛燃能源
上海,002912,中新赛克
上海,002913,奥士康
上海,002915,中欣氟材
上海,002916,深南电路
上海,002917,金奥博
上海,002918,蒙娜丽莎
上海,002919,名臣健康
上海,002920,德赛西威
上海,002921,联诚精密
上海,002922,伊戈尔
上海,002923,润都股份
上海,002925,盈趣科技
上海,002926,华西证券
上海,002927,泰永长征
上海,002928,华夏航空
上海,002929,润建股份
上海,002930,宏川智慧
上海,002931,锋龙股份
上海,002932,明德生物
上海,002933,新兴装备
上海,002935,天奥电子
上海,002936,郑州银行
上海,002937,兴瑞科技
上海,002938,鹏鼎控股
上海,002939,长城证券
上海,002940,昂利康
上海,002941,新疆交建
上海,002942,新农股份
上海,002943,宇晶股份
上海,002945,华林证券
上海,002946,新乳业
上海,002947,恒铭达
上海,002948,青岛银行
上海,002949,华阳国际
上海,002950,奥美医疗
上海,002952,亚世光电
上海,002953,日丰股份
上海,002955,鸿合科技
上海,002956,西麦食品
上海,002957,科瑞技术
上海,002958,青农商行
上海,002959,小熊电器
上海,002960,青鸟消防
上海,002961,瑞达期货
上海,002962,五方光电
上海,002963,豪尔赛
上海,002965,祥鑫科技
上海,002966,苏州银行
上海,002967,广电计量
上海,002968,新大正
上海,002969,嘉美包装
上海,002970,锐明技术
上海,002971,和远气体
上海,002972,科安达
上海,002973,侨银股份
上海,002975,博杰股份
上海,002976,瑞玛精密
上海,002977,天箭科技
上海,002978,安宁股份
上海,002979,雷赛智能
上海,002980,华盛昌
上海,002981,朝阳科技
上海,002982,湘佳股份
上海,002983,芯瑞达
上海,002984,森麒麟
上海,002985,北摩高科
上海,002986,宇新股份
上海,002987,京北方
上海,002988,豪美新材
上海,002989,中天精装
上海,002990,盛视科技
上海,002991,甘源食品
上海,002992,宝明科技
上海,002993,奥海科技
上海,002995,天地在线
上海,002996,顺博合金
上海,002997,瑞鹄模具
上海,002998,优彩资源
上海,002999,天禾股份
上海,003000,劲仔食品
上海,003001,中岩大地
上海,003002,壶化股份
上海,003003,天元股份
上海,003004,声迅股份
上海,003005,竞业达
上海,003006,百亚股份
上海,003007,直真科技
上海,003008,开普检测
上海,003009,中天火箭
上海,003010,若羽臣
上海,003011,海象新材
上海,003012,东鹏控股
上海,003013,地铁设计
上海,003015,日久光电
上海,003016,欣贺股份
上海,003017,大洋生物
上海,003018,金富科技
上海,003019,宸展光电
上海,003020,立方制药
上海,003021,兆威机电
上海,003022,联泓新科
上海,003023,彩虹集团
上海,003025,思进智能
上海,003026,中晶科技
上海,003027,同兴科技
上海,003028,振邦智能
上海,003029,吉大正元
上海,003030,祖名股份
上海,003031,中瓷电子
上海,003032,传智教育
上海,003033,征和工业
上海,003035,南网能源
上海,003036,泰坦股份
上海,003037,三和管桩
上海,003038,鑫铂股份
上海,003039,顺控发展
上海,003040,楚天龙
上海,003041,真爱美家
上海,003042,中农联合
上海,003043,华亚智能
上海,003816,中国广核
深圳,688171,纬德信息
深圳,688172,燕东微
深圳,688173,希荻微
深圳,688175,高凌信息
深圳,688176,亚虹医药
深圳,688177,百奥泰
深圳,688178,万德斯
深圳,688179,阿拉丁
深圳,688180,君实生物
深圳,688181,八亿时空
深圳,688182,灿勤科技
深圳,688183,生益电子
深圳,688184,帕瓦股份
深圳,688185,康希诺
深圳,688186,广大特材
深圳,688187,时代电气
深圳,688188,柏楚电子
深圳,688189,南新制药
深圳,688190,云路股份
深圳,688191,智洋创新
深圳,688192,迪哲医药
深圳,688193,仁度生物
深圳,688195,腾景科技
深圳,688196,卓越新能
深圳,688197,首药控股
深圳,688198,佰仁医疗
深圳,688199,久日新材
深圳,688200,华峰测控
深圳,688201,信安世纪
深圳,688202,美迪西
深圳,688203,海正生材
深圳,688205,德科立
深圳,688206,概伦电子
深圳,688207,格灵深瞳
深圳,688208,道通科技
深圳,688209,英集芯
深圳,688210,统联精密
深圳,688211,中科微至
深圳,688212,澳华内镜
深圳,688213,思特威
深圳,688215,瑞晟智能
深圳,688216,气派科技
深圳,688217,睿昂基因
深圳,688218,江苏北人
深圳,688219,会通股份
深圳,688220,翱捷科技
深圳,688221,前沿生物
深圳,688222,成都先导
深圳,688223,晶科能源
深圳,688225,亚信安全
深圳,688226,威腾电气
深圳,688227,品高股份
深圳,688228,开普云
深圳,688229,博睿数据
深圳,688230,芯导科技
深圳,688231,隆达股份
深圳,688232,新点软件
深圳,688233,神工股份
深圳,688234,天岳先进
深圳,688235,百济神州
深圳,688236,春立医疗
深圳,688237,超卓航科
深圳,688238,和元生物
深圳,688239,航宇科技
深圳,688244,永信至诚
深圳,688246,嘉和美康
深圳,688247,宣泰医药
深圳,688248,南网科技
深圳,688249,晶合集成
深圳,688251,井松智能
深圳,688252,天德钰
深圳,688253,英诺特
深圳,688255,凯尔达
深圳,688256,寒武纪
深圳,688257,新锐股份
深圳,688258,卓易信息
深圳,688259,创耀科技
深圳,688260,昀冢科技
深圳,688261,东微半导
深圳,688262,国芯科技
深圳,688265,南模生物
深圳,688266,泽璟制药
深圳,688267,中触媒
深圳,688268,华特气体
深圳,688269,凯立新材
深圳,688270,臻镭科技
深圳,688271,联影医疗
深圳,688272,富吉瑞
深圳,688273,麦澜德
深圳,688275,万润新能
深圳,688276,百克生物
深圳,688277,天智航
深圳,688278,特宝生物
深圳,688279,峰岹科技
深圳,688280,精进电动
深圳,688281,华秦科技
深圳,688283,坤恒顺维
深圳,688285,高铁电气
深圳,688286,敏芯股份
深圳,688288,鸿泉物联
深圳,688289,圣湘生物
深圳,688290,景业智能
深圳,688291,金橙子
深圳,688292,浩瀚深度
深圳,688293,奥浦迈
深圳,688295,中复神鹰
深圳,688296,和达科技
深圳,688297,中无人机
深圳,688298,东方生物
深圳,688299,长阳科技
深圳,688300,联瑞新材
深圳,688301,奕瑞科技
深圳,688302,海创药业
深圳,688303,大全能源
深圳,688305,科德数控
深圳,688306,均普智能
深圳,688307,中润光学
深圳,688308,欧科亿
深圳,688309,恒誉环保
深圳,688310,迈得医疗
深圳,688311,盟升电子
深圳,688312,燕麦科技
深圳,688313,仕佳光子
深圳,688314,康拓医疗
深圳,688315,诺禾致源
深圳,688316,青云科技
深圳,688317,之江生物
深圳,688318,财富趋势
深圳,688319,欧林生物
深圳,688320,禾川科技
深圳,688321,微芯生物
深圳,688322,奥比中光
深圳,688323,瑞华泰
深圳,688325,赛微微电
深圳,688326,经纬恒润
深圳,688327,云从科技
深圳,688328,深科达
深圳,688329,艾隆科技
深圳,688330,宏力达
深圳,688331,荣昌生物
深圳,688332,中科蓝讯
深圳,688333,铂力特
深圳,688334,西高院
深圳,688335,复洁环保
深圳,688336,三生国健
深圳,688337,普源精电
深圳,688338,赛科希德
深圳,688339,亿华通
深圳,688343,云天励飞
深圳,688345,博力威
深圳,688347,华虹公司
深圳,688348,昱能科技
深圳,688349,三一重能
深圳,688350,富淼科技
深圳,688351,微电生理
深圳,688352,颀中科技
深圳,688353,华盛锂电
深圳,688355,明志科技
深圳,688356,键凯科技
深圳,688357,建龙微纳
深圳,688358,祥生医疗
深圳,688359,三孚新科
深圳,688360,德马科技
深圳,688361,中科飞测
深圳,688362,甬矽电子
深圳,688363,华熙生物
深圳,688365,光云科技
深圳,688366,昊海生科
深圳,688367,工大高科
深圳,688368,晶丰明源
深圳,688369,致远互联
深圳,688370,丛麟科技
深圳,688371,菲沃泰
深圳,688372,伟测科技
深圳,688373,盟科药业
深圳,688375,国博电子
深圳,688376,美埃科技
深圳,688377,迪威尔
深圳,688378,奥来德
深圳,688379,华光新材
深圳,688380,中微半导
深圳,688381,帝奥微
深圳,688382,益方生物
深圳,688383,新益昌
深圳,688385,复旦微电
深圳,688386,泛亚微透
深圳,688387,信科移动
深圳,688388,嘉元科技
深圳,688389,普门科技
深圳,688390,固德威
深圳,688391,钜泉科技
深圳,688392,骄成超声
深圳,688393,安必平
深圳,688395,正弦电气
深圳,688396,华润微
深圳,688398,赛特新材
深圳,688399,硕世生物
深圳,688400,凌云光
深圳,688401,路维光电
深圳,688403,汇成股份
深圳,688408,中信博
深圳,688409,富创精密
深圳,688410,山外山
深圳,688411,海博思创
深圳,688416,恒烁股份
深圳,688418,震有科技
深圳,688419,耐科装备
深圳,688420,美腾科技
深圳,688425,铁建重工
深圳,688426,康为世纪
深圳,688428,诺诚健华
深圳,688429,时创能源
深圳,688432,有研硅
深圳,688433,华曙高科
深圳,688435,英方软件
深圳,688439,振华风光
深圳,688443,智翔金泰
深圳,688448,磁谷科技
深圳,688449,联芸科技
深圳,688450,光格科技
深圳,688455,科捷智能
深圳,688456,有研粉材
深圳,688458,美芯晟
深圳,688459,哈铁科技
深圳,688466,金科环境
深圳,688468,科美诊断
深圳,688469,芯联集成
深圳,688472,阿特斯
深圳,688475,萤石网络
深圳,688478,晶升股份
深圳,688479,友车科技
深圳,688480,赛恩斯
深圳,688484,南芯科技
深圳,688485,九州一轨
深圳,688486,龙迅股份
深圳,688488,艾迪药业
深圳,688489,三未信安
深圳,688496,清越科技
深圳,688498,源杰科技
深圳,688499,利元亨
深圳,688500,慧辰股份
深圳,688501,青达环保
深圳,688502,茂莱光学
深圳,688503,聚和材料
深圳,688505,复旦张江
深圳,688506,百利天恒
深圳,688507,索辰科技
深圳,688508,芯朋微
深圳,688509,正元地信
深圳,688510,航亚科技
深圳,688511,天微电子
深圳,688512,慧智微
深圳,688513,苑东生物
深圳,688515,裕太微
深圳,688516,奥特维
深圳,688517,金冠电气
深圳,688518,联赢激光
深圳,688519,南亚新材
深圳,688520,神州细胞
深圳,688521,芯原股份
深圳,688522,纳睿雷达
深圳,688523,航天环宇
深圳,688525,佰维存储
深圳,688526,科前生物
深圳,688528,秦川物联
深圳,688529,豪森智能
深圳,688530,欧莱新材
深圳,688531,日联科技
深圳,688533,上声电子
深圳,688535,华海诚科
深圳,688536,思瑞浦
深圳,688538,和辉光电
深圳,688539,高华科技
深圳,688543,国科军工
深圳,688545,兴福电子
深圳,688548,广钢气体
深圳,688549,中巨芯
深圳,688550,瑞联新材
深圳,688551,科威尔
深圳,688552,航天南湖
深圳,688553,汇宇制药
深圳,688556,高测股份
深圳,688557,兰剑智能
深圳,688558,国盛智科
深圳,688559,海目星
深圳,688560,明冠新材
深圳,688561,奇安信
深圳,688562,航天软件
深圳,688563,航材股份
深圳,688565,力源科技
深圳,688566,吉贝尔
深圳,688567,孚能科技
深圳,688568,中科星图
深圳,688569,铁科轨道
深圳,688570,天玛智控
深圳,688571,杭华股份
深圳,688573,信宇人
深圳,688575,亚辉龙
深圳,688576,西山科技
深圳,688577,浙海德曼
深圳,688578,艾力斯
深圳,688579,山大地纬
深圳,688580,伟思医疗
深圳,688581,安杰思
深圳,688582,芯动联科
深圳,688583,思看科技
深圳,688584,上海合晶
深圳,688585,上纬新材
深圳,688586,江航装备
深圳,688588,凌志软件
深圳,688589,力合微
深圳,688590,新致软件
深圳,688591,泰凌微
深圳,688592,司南导航
深圳,688593,新相微
深圳,688595,芯海科技
深圳,688596,正帆科技
深圳,688597,煜邦电力
深圳,688598,金博股份
深圳,688599,天合光能
深圳,688600,皖仪科技
深圳,688601,力芯微
深圳,688602,康鹏科技
深圳,688603,天承科技
深圳,688605,先锋精科
深圳,688606,奥泰生物
深圳,688607,康众医疗
深圳,688608,恒玄科技
深圳,688609,九联科技
深圳,688610,埃科光电
深圳,688611,杭州柯林
深圳,688612,威迈斯
深圳,688613,奥精医疗
深圳,688615,合合信息
深圳,688616,西力科技
深圳,688617,惠泰医疗
深圳,688618,三旺通信
深圳,688619,罗普特
深圳,688620,安凯微
深圳,688621,阳光诺和
深圳,688622,禾信仪器
深圳,688623,双元科技
深圳,688625,呈和科技
深圳,688626,翔宇医疗
深圳,688627,精智达
深圳,688628,优利德
深圳,688629,华丰科技
深圳,688630,芯碁微装
深圳,688631,莱斯信息
深圳,688633,星球石墨
深圳,688636,智明达
深圳,688638,誉辰智能
深圳,688639,华恒生物
深圳,688646,逸飞激光
深圳,688648,中邮科技
深圳,688651,盛邦安全
深圳,688652,京仪装备
深圳,688653,康希通信
深圳,688655,迅捷兴
深圳,688656,浩欧博
深圳,688657,浩辰软件
深圳,688658,悦康药业
深圳,688659,元琛科技
深圳,688660,电气风电
深圳,688661,和林微纳
深圳,688662,富信科技
深圳,688663,新风光
深圳,688665,四方光电
深圳,688667,菱电电控
深圳,688668,鼎通科技
深圳,688669,聚石化学
深圳,688670,金迪克
深圳,688671,碧兴物联
深圳,688676,金盘科技
深圳,688677,海泰新光
深圳,688678,福立旺
深圳,688679,通源环境
深圳,688680,海优新材
深圳,688681,科汇股份
深圳,688682,霍莱沃
深圳,688683,莱尔科技
深圳,688685,迈信林
深圳,688686,奥普特
深圳,688687,凯因科技
深圳,688689,银河微电
深圳,688690,纳微科技
深圳,688691,灿芯股份
深圳,688692,达梦数据
深圳,688693,锴威特
深圳,688695,中创股份
深圳,688696,极米科技
深圳,688697,纽威数控
深圳,688698,伟创电气
深圳,688699,明微电子
深圳,688700,东威科技
深圳,688701,卓锦股份
深圳,688702,盛科通信
深圳,688707,振华新材
深圳,688708,佳驰科技
深圳,688709,成都华微
深圳,688710,益诺思
深圳,688711,宏微科技
深圳,688716,中研股份
深圳,688717,艾罗能源
深圳,688718,唯赛勃
深圳,688719,爱科赛博
深圳,688720,艾森股份
深圳,688721,龙图光罩
深圳,688722,同益中
深圳,688726,拉普拉斯
深圳,688728,格科微
深圳,688733,壹石通
深圳,688737,中自科技
深圳,688739,成大生物
深圳,688750,金天钛业
深圳,688757,胜科纳米
深圳,688758,赛分科技
深圳,688766,普冉股份
深圳,688767,博拓生物
深圳,688768,容知日新
深圳,688772,珠海冠宇
深圳,688776,国光电气
深圳,688777,中控技术
深圳,688778,厦钨新能
深圳,688779,五矿新能
深圳,688786,悦安新材
深圳,688787,海天瑞声
深圳,688788,科思科技
深圳,688789,宏华数科
深圳,688793,倍轻松
深圳,688798,艾为电子
深圳,688799,华纳药厂
深圳,688800,瑞可达
深圳,688819,天能股份
深圳,688981,中芯国际
深圳,603202,天有为
